GAME_ID,TEAM_ABBREVIATION,OPP_TEAM_ABBREVIATION,PLUS_MINUS,WL,GAME_DATE,P_W_PCT,PAST_WL,PAST_PTS,P_W-L,PAST_REB,PAST_AST,PAST_STL,PAST_BLK,PAST_TOV,PAST_PF,PAST_FG3_PCT,PAST_TS,PAST_EFG,P_W_PCT_OPP,PAST_WL_OPP,PAST_PTS_OPP,P_W-L_OPP,PAST_REB_OPP,PAST_AST_OPP,PAST_STL_OPP,PAST_BLK_OPP,PAST_TOV_OPP,PAST_PF_OPP,PAST_FG3_PCT_OPP,PAST_TS_OPP,PAST_EFG_OPP,TEAM_ELO,OPP_TEAM_ELO,ELO_WIN_PROB
0022400137,TOR,LAL,-6,0,"NOV 01, 2024",0.2,0.2,116.0,-3.0,46.6,29.2,8.8,7.0,18.6,26.4,0.32,0.5656962669781472,0.523155033810037,0.6,0.6,115.8,1.0,42.2,26.6,7.2,4.4,13.8,17.0,0.35,0.5881815214909809,0.5429486081699919,1470.0078124253137,1509.1405632683066,0.44392039025988905
0022400133,CLE,ORL,11,1,"NOV 01, 2024",1.0,1.0,125.6,5.0,40.0,28.4,12.0,6.0,13.0,22.0,0.41180000000000005,0.64408882722623,0.6216445318155149,0.6,0.6,112.2,1.0,45.0,25.6,8.8,7.0,13.8,20.8,0.3554,0.5748697945302554,0.5365889685445874,1547.2318484480452,1507.7900192548038,0.5565187698673915
0022400136,BKN,CHI,8,1,"NOV 01, 2024",0.4,0.4,118.0,-1.0,40.4,26.0,7.6,4.0,13.8,29.2,0.376,0.5965648181178198,0.5552615958338849,0.6,0.6,113.4,1.0,51.6,27.6,6.2,3.2,15.8,16.6,0.3756,0.5577927085995177,0.5290707003225961,1491.6210038823592,1511.8823702530096,0.4708745596011626
0022400138,NOP,IND,7,1,"NOV 01, 2024",0.4,0.4,105.2,-1.0,43.6,25.0,9.4,7.6,15.4,18.2,0.3488,0.5410955875886658,0.5061712847303832,0.4,0.4,115.4,-1.0,42.0,29.2,8.6,5.4,15.8,25.4,0.3278,0.5757708403975441,0.5413226331901031,1488.9174250169876,1491.0953748546333,0.4968657192862704
0022400141,CHA,BOS,-10,0,"NOV 02, 2024",0.4,0.4,116.6,-1.0,47.0,22.6,6.6,6.4,15.8,24.6,0.3908,0.5770990920246384,0.5469830759544113,0.833,0.8,124.2,4.0,43.2,21.6,9.0,4.8,12.0,17.0,0.37239999999999995,0.5946140935803509,0.5492815948899172,1490.1823797884458,1535.0406127519122,0.4358001548438819
0022400148,DEN,UTA,26,1,"NOV 02, 2024",0.4,0.4,115.6,-1.0,47.0,27.8,8.8,4.6,11.8,18.8,0.3718,0.5484470923665536,0.5014793039876531,0.0,0.0,99.2,-5.0,47.8,21.2,7.0,5.8,18.4,17.4,0.2792,0.49709695057468417,0.444458436918919,1490.3099858563687,1452.2533767291402,0.5545498728520319
0022400150,LAC,OKC,-13,0,"NOV 02, 2024",0.4,0.4,111.6,-1.0,48.0,27.4,8.4,4.2,16.4,23.0,0.33140000000000003,0.5623685500301263,0.5318725413060582,1.0,1.0,117.2,5.0,46.4,25.8,13.8,9.0,11.0,20.0,0.325,0.5646293103583181,0.540116400670503,1490.3271688370992,1547.2709266728705,0.4187773226810706
0022400144,HOU,GSW,-6,0,"NOV 02, 2024",0.6,0.6,110.6,1.0,46.8,20.2,7.6,3.4,11.0,23.4,0.3308,0.5211747633289512,0.47897058772593654,0.8,0.8,119.8,3.0,48.0,31.6,11.6,6.8,14.2,23.2,0.3884,0.5880788721461305,0.567788497350743,1511.0952770690624,1528.2604831634742,0.4753173620303653
0022400149,PHX,POR,6,1,"NOV 02, 2024",0.8,0.8,116.0,3.0,41.6,27.2,8.4,6.4,14.2,21.6,0.3962,0.619133686078454,0.5763253434258481,0.333,0.4,109.2,-2.0,45.6,22.8,7.6,6.8,16.6,20.0,0.3572,0.549784657254021,0.5097461937511618,1530.2227239973065,1483.5345323961385,0.5667881754305255
0022400143,TOR,SAC,3,1,"NOV 02, 2024",0.167,0.2,119.8,-4.0,47.8,31.2,8.0,7.0,17.2,27.4,0.29979999999999996,0.5692596150204869,0.5320226712801521,0.6,0.6,117.8,1.0,42.0,26.4,9.0,5.2,12.4,20.8,0.3422,0.6024752422893084,0.556089960408247,1461.1294046201158,1510.0054463594583,0.43012207369972144
0022400145,MIL,CLE,-1,0,"NOV 02, 2024",0.2,0.2,111.0,-3.0,43.4,21.8,6.6,5.0,14.4,21.0,0.3064,0.5739023419294036,0.5378975951758209,1.0,1.0,122.4,6.0,42.6,27.6,11.2,5.0,13.0,21.8,0.39740000000000003,0.631194566105566,0.6067020030798828,1470.277021643213,1556.1014730506975,0.37894107278457656
0022400146,SAS,MIN,10,1,"NOV 02, 2024",0.4,0.4,103.6,-1.0,48.8,24.4,8.2,6.2,17.2,16.4,0.3296,0.5435023195752262,0.5021864085706372,0.6,0.6,113.0,1.0,42.0,27.4,5.8,4.4,16.0,20.8,0.4022,0.609856615303041,0.5783703142735991,1490.5943594145942,1510.2491564413697,0.47174460868093865
0022400152,NOP,ATL,-15,0,"NOV 03, 2024",0.5,0.4,105.6,0.0,44.4,24.8,8.0,6.4,14.4,17.8,0.3506,0.5396213750839285,0.5078656809741313,0.333,0.2,116.6,-2.0,41.6,27.8,9.6,5.4,15.2,22.8,0.3508,0.581241935186483,0.5356559815865689,1498.9801106312623,1479.2830747856688,0.5283159833291566
0022400153,DAL,ORL,23,1,"NOV 03, 2024",0.6,0.6,110.8,1.0,44.6,24.4,8.4,5.6,9.8,24.0,0.3548,0.5430844243141099,0.5141419487998935,0.5,0.4,110.8,0.0,41.4,25.2,9.2,6.2,14.4,20.0,0.34859999999999997,0.5734974644387226,0.535755635211254,1508.6583248976408,1498.9203946521516,0.5140103396301287
0022400151,BKN,DET,-14,0,"NOV 03, 2024",0.5,0.6,118.8,0.0,41.0,28.6,8.2,4.0,12.4,26.8,0.35819999999999996,0.603176271363378,0.5646256360489891,0.167,0.2,104.0,-4.0,45.4,22.4,4.6,6.4,18.0,20.0,0.37479999999999997,0.5707746135176612,0.5421738755072089,1502.2035126903359,1464.1437726901681,0.5545543249059012
0022400165,DAL,IND,-7,0,"NOV 04, 2024",0.667,0.6,108.4,2.0,45.2,24.0,8.2,5.6,11.6,24.2,0.331,0.5495970308059528,0.5237497919371484,0.333,0.2,116.0,-2.0,42.0,29.8,7.2,4.4,15.6,25.0,0.354,0.578008117568332,0.5506227550257604,1518.3781181050383,1481.0326892403586,0.5535383598236575
0022400166,DEN,TOR,2,1,"NOV 04, 2024",0.5,0.6,124.0,0.0,46.0,28.6,9.4,3.4,12.2,21.4,0.43499999999999994,0.5831402218177476,0.5360391885475376,0.286,0.2,123.0,-3.0,46.2,32.4,8.4,5.0,15.8,25.6,0.33940000000000003,0.5703484185394264,0.5467595133854154,1499.218988399328,1472.5269631461213,0.5383375164948784
0022400167,PHX,PHI,2,1,"NOV 04, 2024",0.833,0.8,113.4,4.0,45.8,28.0,6.8,6.2,12.2,19.0,0.3826,0.5946604802158808,0.5532070638559555,0.2,0.2,107.2,-3.0,40.2,18.2,8.4,4.0,13.6,25.2,0.30579999999999996,0.5260653290472473,0.47285148202810906,1538.886960488696,1470.296982891972,0.5974462395556004
0022400160,CHI,UTA,-9,0,"NOV 04, 2024",0.5,0.6,113.6,0.0,51.0,27.2,6.4,3.4,14.8,16.4,0.394,0.5569960825451596,0.525450192923019,0.0,0.0,95.0,-6.0,45.8,21.8,7.0,5.6,20.0,17.0,0.2642,0.49241270352402494,0.43857608397774256,1501.299861445033,1443.3443741861809,0.5826395772120706
0022400159,MIA,SAC,-1,0,"NOV 04, 2024",0.6,0.6,108.4,1.0,46.4,25.4,7.8,4.6,11.2,17.4,0.377,0.5495121610165816,0.5155401179801156,0.5,0.6,120.4,0.0,44.2,26.4,10.8,5.4,14.2,21.6,0.3164,0.5966073906285984,0.5519923994326371,1498.946561230224,1498.6078878334529,0.5004873900423771
0022400157,ATL,BOS,-30,0,"NOV 04, 2024",0.429,0.2,116.8,-1.0,42.0,28.6,9.4,4.2,15.8,20.6,0.3606,0.5884026260391239,0.5527575528548068,0.857,0.8,122.4,5.0,42.2,22.0,8.4,5.0,12.2,16.6,0.3584,0.5946702890145842,0.5443764458384267,1489.849394452252,1543.7566158487898,0.42303787453132335
0022400154,CLE,MIL,2,1,"NOV 04, 2024",1.0,1.0,122.6,7.0,43.8,28.2,9.2,4.6,12.0,22.8,0.4,0.6253317570824102,0.6015961333398667,0.167,0.0,108.8,-4.0,43.2,21.2,6.4,3.8,14.2,21.0,0.3124,0.5596811368870354,0.5272515277600907,1563.680294506389,1462.6982001875215,0.6413664038205338
0022400162,MIN,CHA,21,1,"NOV 04, 2024",0.5,0.6,113.0,0.0,39.0,28.2,6.4,4.6,15.4,19.6,0.3982,0.6169756453397457,0.5892598408159234,0.333,0.2,115.2,-2.0,42.6,23.4,7.4,4.6,15.2,25.4,0.3948,0.5704548897820516,0.5465176590184061,1499.6840486149883,1481.4663766915683,0.5261933364966533
0022400168,LAC,SAS,9,1,"NOV 04, 2024",0.333,0.4,107.4,-2.0,47.8,26.6,8.6,5.4,16.2,20.6,0.339,0.5566790018474352,0.5268092501668178,0.5,0.6,104.4,0.0,47.2,24.8,8.2,6.2,15.6,16.0,0.325,0.5555086164713897,0.5168123542136744,1481.9516223834778,1501.1594672409756,0.4723858167280345
0022400164,NOP,POR,-18,0,"NOV 04, 2024",0.429,0.2,106.8,-1.0,44.2,24.2,6.8,5.4,15.2,16.6,0.3598,0.5465901875050008,0.5146357068139247,0.286,0.4,108.0,-3.0,47.2,21.0,8.2,5.6,14.0,19.2,0.3522,0.5292698329535759,0.4923588063637744,1488.413790964679,1474.870295904749,0.5194807898470766
0022400156,DET,LAL,12,1,"NOV 04, 2024",0.286,0.4,105.0,-3.0,46.4,22.4,4.8,6.6,17.0,20.6,0.3548,0.5764797922107485,0.5426869426869427,0.667,0.6,120.0,2.0,41.6,28.0,7.0,3.8,14.4,16.0,0.3854,0.607946224024023,0.5572189430982215,1475.2348591882862,1518.0189710735044,0.4387380615828695
0022400161,HOU,NYK,12,1,"NOV 04, 2024",0.5,0.6,113.8,0.0,48.0,21.8,8.0,3.8,11.6,26.2,0.337,0.5301832184945395,0.4888245029786359,0.6,0.6,116.0,1.0,41.4,24.4,7.8,3.4,11.2,16.2,0.4112,0.610698200078199,0.5825997566253542,1501.588929828455,1511.0790261498641,0.48634604908386264
0022400163,OKC,ORL,16,1,"NOV 04, 2024",1.0,1.0,117.8,6.0,44.8,26.2,14.2,7.0,11.0,21.4,0.36260000000000003,0.5823419867617747,0.5518089985017147,0.429,0.2,104.6,-1.0,42.2,23.4,8.8,5.6,14.8,20.6,0.28759999999999997,0.5277769929669144,0.48702445241555514,1555.6464731264919,1489.200601444754,0.5944742876000503
0022400158,BKN,MEM,2,1,"NOV 04, 2024",0.429,0.6,117.0,-1.0,39.0,28.8,8.6,4.0,11.6,25.4,0.34059999999999996,0.6023749590967012,0.5662377181803313,0.571,0.6,119.8,1.0,49.6,32.6,7.8,5.2,16.4,21.8,0.3468,0.6032588141979359,0.5690733088399684,1491.1124261922178,1508.1215081923178,0.475541500088856
0022400155,WAS,GSW,-13,0,"NOV 04, 2024",0.4,0.4,114.0,-1.0,42.0,26.2,8.8,6.6,14.2,22.4,0.3282,0.5554321291825925,0.514383653873231,0.833,0.8,117.2,4.0,46.0,29.2,10.0,6.6,13.6,22.2,0.3988,0.583252130149897,0.5648521863499159,1502.160880638232,1537.7668304040815,0.4489375569325575
0022400177,DEN,OKC,2,1,"NOV 06, 2024",0.571,0.8,127.4,1.0,47.4,30.4,8.6,4.6,13.6,21.2,0.4196,0.5978789071107377,0.5503308379035825,1.0,1.0,115.4,7.0,42.4,26.6,13.6,6.8,12.0,22.0,0.4,0.5947177729146752,0.5661025663961622,1508.4522380694305,1563.7569873744908,0.42107554656250135
0022400180,SAC,TOR,15,1,"NOV 06, 2024",0.571,0.8,117.2,1.0,45.6,24.6,9.4,5.2,13.8,23.4,0.32220000000000004,0.5881949727129407,0.5466277059865484,0.25,0.2,126.6,-4.0,45.2,34.2,9.0,4.8,14.4,26.6,0.33699999999999997,0.5721168593382522,0.5484207863088242,1508.6176356343003,1463.2937134760189,0.5648588630471371
0022400179,LAC,PHI,12,1,"NOV 06, 2024",0.429,0.4,108.2,-1.0,47.8,25.6,9.0,5.8,15.0,20.0,0.369,0.55313506959015,0.5268363504378204,0.167,0.2,108.6,-4.0,38.0,20.0,9.6,4.4,14.4,24.0,0.3326,0.5490743780331464,0.49595727606986373,1492.503906048917,1462.245907683084,0.5434350033225165
0022400178,PHX,MIA,3,1,"NOV 06, 2024",0.857,1.0,113.8,5.0,47.6,25.8,6.4,6.2,11.8,17.0,0.35960000000000003,0.5913068188788406,0.5458899906852238,0.5,0.6,111.0,0.0,45.4,25.4,8.6,4.2,11.0,16.6,0.3956,0.5591645876852198,0.5287825856989103,1546.9380356975842,1488.9368134293766,0.5827035958255439
0022400173,HOU,SAS,27,1,"NOV 06, 2024",0.571,0.6,110.0,1.0,45.2,22.0,6.8,4.2,10.2,23.8,0.3064,0.5313810719411631,0.4905406439804912,0.429,0.4,103.4,-1.0,46.4,24.6,8.8,6.8,14.2,15.6,0.2986,0.5463643191910695,0.5091143854176781,1511.8620088467778,1490.6071835755363,0.53055005029761
0022400176,DAL,CHI,20,1,"NOV 06, 2024",0.571,0.6,113.4,1.0,43.6,25.4,7.8,5.8,11.6,22.2,0.35100000000000003,0.5755268762280694,0.5504261239414978,0.429,0.4,112.2,-1.0,49.0,28.4,5.8,4.0,14.8,17.6,0.3802,0.5505341917700315,0.517215543800212,1507.3073509085652,1489.6470699007916,0.5253933213294543
0022400174,MEM,LAL,17,1,"NOV 06, 2024",0.5,0.4,115.8,0.0,50.0,30.8,6.8,5.8,15.6,20.2,0.3238,0.5823681317095839,0.5502769888808576,0.571,0.4,116.0,1.0,41.6,27.0,6.6,3.0,14.6,15.6,0.35359999999999997,0.5807997756686692,0.5295326685884175,1497.632338194095,1506.7937323051617,0.48681874890476323
0022400172,BOS,GSW,-6,0,"NOV 06, 2024",0.875,0.8,122.2,6.0,44.8,23.6,9.4,5.2,12.6,16.2,0.3322,0.5919713235933206,0.550639072101053,0.857,0.8,116.8,5.0,45.2,28.0,8.0,6.8,12.2,21.2,0.38360000000000005,0.5779992942170133,0.552850630232429,1552.2173733394163,1546.7455815427327,0.5078738904036633
0022400175,NOP,CLE,-9,0,"NOV 06, 2024",0.375,0.2,106.2,-2.0,43.2,24.2,6.0,4.4,14.6,16.2,0.3618,0.5519271451431447,0.5215621137403315,1.0,1.0,118.8,8.0,42.0,28.4,8.6,3.4,10.8,20.4,0.3994,0.614146705574778,0.5941036258473591,1478.0241751677374,1570.8529664299783,0.36949928655698155
0022400171,ATL,NYK,5,1,"NOV 06, 2024",0.375,0.2,114.6,-2.0,40.8,28.4,9.8,4.0,15.8,18.6,0.3348,0.5850059752604231,0.552535303194355,0.5,0.6,113.6,0.0,42.4,24.4,8.6,3.6,11.0,17.4,0.4164,0.5822764115850255,0.5480135095391072,1481.3886369616255,1500.8059471315414,0.4720853014130946
0022400170,IND,ORL,7,1,"NOV 06, 2024",0.429,0.4,123.2,-1.0,44.6,30.2,6.6,3.8,14.4,23.4,0.4152,0.600348717263573,0.5755815375241751,0.375,0.2,99.6,-2.0,42.2,23.2,9.2,5.4,14.6,19.8,0.24620000000000003,0.5076233311084584,0.4592560195588128,1492.1034564368317,1481.0900871967551,0.5158442058513949
0022400169,CHA,DET,1,1,"NOV 06, 2024",0.286,0.2,109.8,-3.0,39.6,22.8,8.0,4.0,14.6,24.2,0.36,0.5588593189699539,0.5384684165941637,0.375,0.6,104.4,-2.0,48.6,21.4,5.2,6.2,16.6,21.2,0.32999999999999996,0.564496247865357,0.5311339123839124,1471.9902434215014,1486.460097956629,0.47918823683300527
0022400181,CHI,MIN,-16,0,"NOV 07, 2024",0.375,0.4,113.0,-2.0,47.0,28.8,6.2,4.0,14.0,17.2,0.38079999999999997,0.5601000766641107,0.5290203971874718,0.571,0.6,112.4,1.0,39.6,28.0,7.2,5.8,15.2,18.6,0.413,0.6178656033768758,0.5921741769949047,1480.1549363273807,1509.1601818850552,0.45835480068085244
0022400182,MIL,UTA,23,1,"NOV 07, 2024",0.143,0.0,107.2,-5.0,43.6,20.6,6.6,4.4,14.2,21.2,0.3446,0.565483595767248,0.5317901624187553,0.143,0.2,104.8,-5.0,46.6,25.2,6.0,5.8,18.0,18.4,0.3102,0.5413666524557256,0.49159269365043434,1455.525528263932,1454.9971657304222,0.5007603742221806
0022400183,SAS,POR,13,1,"NOV 07, 2024",0.375,0.4,103.2,-2.0,44.8,24.2,8.8,6.8,14.6,14.0,0.3158,0.5524801011119523,0.5185867576652892,0.375,0.4,106.6,-2.0,44.6,20.2,8.4,5.0,13.0,18.0,0.3412,0.537323175742654,0.5062604960719156,1481.2181845814885,1485.2599117016905,0.494183749477858
0022400189,NYK,MIL,22,1,"NOV 08, 2024",0.429,0.4,112.2,-1.0,42.0,26.4,8.6,3.8,11.8,17.4,0.42119999999999996,0.583193087605529,0.552775414301012,0.25,0.2,111.4,-4.0,43.2,20.6,7.8,4.4,12.6,22.0,0.3698,0.5756415934119337,0.5493255549541478,1490.2476531598033,1465.5103207794884,0.5355398479594661
0022400185,DET,ATL,1,1,"NOV 08, 2024",0.333,0.6,106.2,-3.0,47.0,25.4,5.0,5.8,15.4,21.4,0.31900000000000006,0.574211912907439,0.5473368583740924,0.444,0.4,115.0,-1.0,42.6,28.2,9.8,3.4,14.2,17.0,0.3388,0.5724438027310326,0.5427204883795402,1476.0438626932892,1491.9469309333635,0.47712961508224383
0022400195,LAL,PHI,10,1,"NOV 08, 2024",0.5,0.2,112.6,0.0,40.0,25.2,7.0,2.6,13.0,15.4,0.3338,0.5645720138821414,0.5142685264659305,0.143,0.2,106.8,-5.0,38.8,20.0,9.4,3.8,15.2,22.0,0.3266,0.5617941071963728,0.5269774635248023,1496.530107283257,1453.1146077495343,0.5621567374701901
0022400193,MIN,POR,25,1,"NOV 08, 2024",0.625,0.6,117.0,2.0,39.4,28.0,6.8,5.0,15.2,18.8,0.42160000000000003,0.6336268827386922,0.6082125239310365,0.333,0.4,108.0,-3.0,43.6,21.4,8.8,4.8,12.4,16.4,0.36100000000000004,0.5451928765471374,0.5229178230542637,1518.3272778986723,1475.1435866912477,0.5618282666627031
0022400196,SAC,LAC,-9,0,"NOV 08, 2024",0.625,0.8,119.4,2.0,47.0,24.8,9.2,5.0,12.8,20.6,0.2994,0.5847603237806812,0.5424301751223508,0.5,0.4,107.8,0.0,44.0,25.6,9.2,5.6,14.8,19.0,0.3922,0.5781533304048976,0.5529474615489315,1517.3204583733575,1501.6352059824667,0.5225575696151274
0022400194,DEN,MIA,13,1,"NOV 08, 2024",0.625,0.8,126.8,2.0,48.0,31.4,9.0,4.6,14.0,21.6,0.4138,0.6013621575027981,0.5553987217987135,0.429,0.4,110.6,-1.0,45.4,24.2,9.4,3.6,10.4,16.0,0.3896,0.5543277736539387,0.5205672166392541,1520.0307271381805,1480.5908853458875,0.5565159463105767
0022400190,DAL,PHX,-1,0,"NOV 08, 2024",0.625,0.6,115.2,2.0,43.0,26.6,8.2,4.2,12.0,21.4,0.3578,0.5845816603059427,0.5579982801384418,0.875,1.0,114.0,6.0,47.4,26.4,6.8,6.6,12.8,16.4,0.3716,0.5980109560360948,0.5598185621137952,1516.7994844819762,1555.2839637810732,0.44484178369298455
0022400187,BOS,BKN,4,1,"NOV 08, 2024",0.778,0.6,120.8,5.0,46.6,23.2,9.4,4.8,12.6,16.2,0.326,0.5800387737987747,0.536654397771551,0.5,0.6,115.2,0.0,37.0,29.8,8.2,3.6,11.8,24.6,0.3416,0.6039663608109052,0.5736553005979138,1542.059895531343,1501.6015961904407,0.5579624153188749
0022400191,MEM,WAS,24,1,"NOV 08, 2024",0.556,0.6,117.4,1.0,48.0,29.0,6.8,5.2,17.2,19.4,0.3586,0.6040241965509606,0.5672778607204392,0.333,0.4,116.0,-2.0,43.4,26.6,7.8,7.0,13.4,23.2,0.33599999999999997,0.5627494405068243,0.5186161100135819,1507.8959632159997,1493.1821294995807,0.5211622588190498
0022400192,OKC,HOU,19,1,"NOV 08, 2024",0.875,0.8,114.2,6.0,42.8,27.2,14.0,5.6,12.8,23.0,0.4,0.5813306061860589,0.5532486338118926,0.625,0.8,114.2,2.0,47.4,23.4,6.8,4.6,10.4,21.6,0.317,0.5504610494211906,0.5167181802123751,1552.1784983057407,1521.2510078408257,0.5443910479043929
0022400184,CHA,IND,20,1,"NOV 08, 2024",0.375,0.4,110.2,-2.0,39.8,23.2,7.8,3.8,13.6,22.6,0.3602,0.5622546077927236,0.53844344780515,0.5,0.6,124.0,0.0,44.4,28.8,6.4,3.6,12.8,23.0,0.4264,0.6201003372218434,0.5909324147171575,1482.4064786848412,1501.7865723198038,0.4721386936924273
0022400188,CLE,GSW,19,1,"NOV 08, 2024",1.0,1.0,123.0,9.0,43.0,30.8,7.8,4.4,10.4,20.6,0.43,0.6240897729745342,0.6103891949530502,0.875,1.0,119.6,6.0,46.4,28.6,7.2,6.8,10.2,20.6,0.4008,0.5877166631309163,0.5582702106520093,1578.242952161118,1556.903059350806,0.5306720134715549
0022400186,ORL,NOP,27,1,"NOV 08, 2024",0.333,0.0,98.0,-3.0,40.6,23.2,9.0,5.2,14.8,19.2,0.23879999999999998,0.5070820037480135,0.4605930750980428,0.333,0.2,109.4,-3.0,41.0,23.8,6.8,4.8,11.8,16.4,0.3762,0.548183212765542,0.511519116197334,1471.406971313783,1470.6341894365978,0.5011121206851042
0022400197,SAS,UTA,-1,0,"NOV 09, 2024",0.444,0.6,108.2,-1.0,43.4,26.8,9.4,6.4,13.2,15.4,0.33120000000000005,0.5811946316058422,0.548945437722678,0.125,0.2,104.4,-6.0,44.4,25.2,5.6,5.8,19.6,18.8,0.33599999999999997,0.5617591355905835,0.51460229274699,1491.3345095919312,1445.0123732148659,0.5662707064109964
0022400200,LAC,TOR,2,1,"NOV 09, 2024",0.556,0.6,108.2,1.0,43.8,24.4,8.6,5.0,15.8,19.4,0.41340000000000005,0.588350506290177,0.5535647454995488,0.222,0.2,123.0,-5.0,41.2,33.2,9.0,3.6,13.6,25.8,0.3386,0.579507496362744,0.5584291265923939,1512.0863573747692,1454.5908907369617,0.5819954983607148
0022400199,CLE,BKN,5,1,"NOV 09, 2024",1.0,1.0,123.4,10.0,44.4,30.0,6.4,5.4,11.8,17.8,0.4422,0.6305281389298486,0.6091642101137538,0.444,0.6,108.2,-1.0,39.0,27.2,8.6,3.0,12.6,22.6,0.3172,0.5726804695315252,0.5427386339312471,1587.629511891687,1492.7608444968182,0.6332321347573475
0022400198,ATL,CHI,-12,0,"NOV 09, 2024",0.4,0.4,115.2,-2.0,43.2,28.6,10.2,4.2,14.6,17.4,0.3606,0.570282277394832,0.5415376343372178,0.333,0.2,111.6,-3.0,43.4,27.6,7.0,3.6,14.8,18.2,0.3698,0.5686617757382685,0.5378840335511083,1481.4895232350084,1470.9878403137636,0.5151085356796746
0022400209,PHX,SAC,-9,0,"NOV 10, 2024",0.889,1.0,115.0,7.0,45.6,27.4,6.6,4.8,12.4,15.6,0.3874,0.6056121481847009,0.5726627214294864,0.556,0.6,116.4,1.0,44.2,23.4,8.6,3.8,13.2,20.6,0.2708,0.5803015892992859,0.52810464557943,1564.1807994549329,1506.869306981055,0.5817378361116351
0022400208,DEN,DAL,2,1,"NOV 10, 2024",0.667,0.8,125.0,3.0,47.2,32.6,9.4,4.8,16.4,19.8,0.42040000000000005,0.621145435233669,0.583100206054505,0.556,0.4,113.8,1.0,42.8,25.2,6.8,4.0,12.4,21.6,0.3424,0.5916791643393087,0.5602697855147859,1528.900408211969,1507.9026488081165,0.5301814672770724
0022400201,DET,HOU,-2,0,"NOV 10, 2024",0.4,0.6,109.6,-2.0,46.2,26.2,5.6,6.4,16.2,20.0,0.3144,0.5768990501049998,0.5532402573007471,0.556,0.6,114.4,1.0,48.4,23.2,7.0,4.8,11.4,20.6,0.3094,0.5450170487239887,0.5156070691012641,1486.5012703916443,1512.1388287989134,0.4631714083140805
0022400203,IND,NYK,11,1,"NOV 10, 2024",0.444,0.6,117.6,-1.0,43.0,28.6,7.0,3.6,12.8,20.6,0.39880000000000004,0.5995550458151793,0.5733393150457445,0.5,0.6,114.6,0.0,43.0,29.0,8.4,3.8,10.0,17.2,0.4178,0.593731119243305,0.563776635302233,1491.2293461936524,1499.536856200614,0.4880468099849545
0022400202,MIL,BOS,-6,0,"NOV 10, 2024",0.222,0.2,108.6,-5.0,42.8,21.0,6.6,4.2,11.8,20.4,0.36479999999999996,0.563663147607866,0.544506277845714,0.8,0.8,116.0,6.0,44.2,23.2,8.6,5.6,12.4,15.4,0.31220000000000003,0.5822074118701909,0.5407114823790944,1456.2211177386778,1550.9006472249655,0.3670207667763413
0022400211,LAL,TOR,20,1,"NOV 10, 2024",0.556,0.4,114.8,1.0,39.8,25.8,6.2,4.0,13.0,15.0,0.3376,0.5887988291905716,0.5387491272168692,0.2,0.2,117.0,-6.0,41.8,31.0,8.8,3.6,12.8,25.4,0.3338,0.5506787783445283,0.5300427761007802,1505.286972533853,1446.230800704176,0.5841795073853245
0022400210,POR,MEM,-45,0,"NOV 10, 2024",0.3,0.2,107.2,-4.0,41.6,20.2,9.2,5.0,13.2,16.2,0.3242,0.5366623021912991,0.5108776892749994,0.6,0.8,121.8,2.0,50.4,29.6,7.0,6.6,16.2,19.0,0.3646,0.6094881075609466,0.5728525075321993,1466.3801520245017,1517.4727180396187,0.42699737011008093
0022400205,PHI,CHA,2,1,"NOV 10, 2024",0.125,0.0,104.4,-6.0,36.8,22.6,8.8,3.8,12.4,19.6,0.3408,0.5559841448260755,0.524830354681265,0.444,0.4,103.2,-1.0,43.4,21.6,7.2,3.6,13.4,21.0,0.33940000000000003,0.5389284712927835,0.5162448662448662,1444.3577424989383,1492.9637048109926,0.43050319907428186
0022400206,MIN,MIA,-1,0,"NOV 10, 2024",0.667,0.8,119.6,3.0,40.8,27.8,7.6,6.0,14.6,19.0,0.4122,0.6278356653966597,0.6018261268229897,0.375,0.2,113.8,-2.0,43.2,26.0,8.8,3.2,10.8,17.0,0.41880000000000006,0.5671662005881977,0.536307061900376,1527.0907125654182,1471.721204272099,0.5790153243491922
0022400207,OKC,GSW,-11,0,"NOV 10, 2024",0.889,0.8,118.4,7.0,43.2,26.4,12.2,6.0,12.8,24.6,0.3926,0.5936906120519122,0.5597904565334906,0.778,0.8,118.2,5.0,47.6,28.2,7.0,5.8,12.2,21.4,0.3714,0.5793273411675817,0.5509590387605725,1561.290677347653,1547.516499620237,0.5198122563225657
0022400204,ORL,WAS,27,1,"NOV 10, 2024",0.4,0.2,101.2,-2.0,40.8,23.8,9.0,5.2,15.0,18.2,0.24100000000000002,0.523399209049477,0.48036051695850795,0.286,0.4,113.6,-3.0,42.4,27.0,9.4,6.8,14.0,23.6,0.3176,0.5582249082391568,0.5173056261426141,1481.384728900081,1483.6053746759617,0.49680427735404
0022400214,NOP,BKN,-2,0,"NOV 11, 2024",0.3,0.2,109.2,-4.0,37.4,22.6,7.4,3.8,12.0,16.8,0.3796,0.5542981309176037,0.5140587987370167,0.4,0.4,104.4,-2.0,39.4,26.0,7.4,3.0,13.0,20.4,0.31379999999999997,0.5610723445773564,0.5306991602470366,1460.6564318503,1485.4254871919652,0.4644147299780214
0022400215,OKC,LAC,6,1,"NOV 11, 2024",0.8,0.6,114.2,6.0,42.4,25.2,10.2,5.4,12.4,22.4,0.38160000000000005,0.5711593469302578,0.533485865268093,0.6,0.8,105.4,2.0,43.6,22.6,8.2,5.0,15.4,19.0,0.4218,0.5885207601003878,0.549150484039447,1550.8944322212017,1520.4464474075548,0.5437063396035167
0022400212,CHI,CLE,-6,0,"NOV 11, 2024",0.4,0.2,116.2,-2.0,42.0,29.0,8.2,4.4,15.4,18.6,0.36,0.5836983683949984,0.5508239921432406,1.0,1.0,120.4,11.0,41.2,29.8,7.6,5.6,12.2,17.2,0.4346,0.6327562509610452,0.6123950271376742,1481.2900110273572,1594.96486919654,0.3420065507361119
0022400213,HOU,WAS,15,1,"NOV 11, 2024",0.6,0.6,113.0,2.0,49.0,22.8,8.2,5.0,12.0,20.8,0.3036,0.5433532810571883,0.514132731444685,0.25,0.2,108.2,-4.0,41.2,26.2,8.8,7.6,13.6,23.6,0.2828,0.5512951630366545,0.5096743685113566,1521.402256965195,1473.5414602230426,0.5684448270151095
0022400216,SAS,SAC,20,1,"NOV 11, 2024",0.4,0.4,109.0,-2.0,42.4,27.6,7.6,7.0,15.0,17.2,0.3478,0.5952186589863019,0.5627050285155167,0.6,0.6,117.2,2.0,45.4,22.4,8.2,3.6,13.2,20.4,0.2636,0.5750272655951162,0.5279394109462509,1480.0090954637112,1518.5040637032876,0.4448268726433093
0022400007,GSW,DAL,3,1,"NOV 12, 2024",0.8,0.8,122.8,6.0,48.4,28.8,7.6,4.6,12.4,22.2,0.4006,0.5952892033111317,0.5664827375853173,0.5,0.4,117.4,0.0,43.8,26.8,7.0,3.6,12.4,19.6,0.3364,0.6049379734136717,0.5745181515278578,1557.9127447466883,1498.506278153658,0.5846692497672057
0022400001,BOS,ATL,-1,0,"NOV 12, 2024",0.818,0.8,113.8,7.0,44.4,24.4,7.2,5.0,12.8,16.0,0.3262,0.5753669301468071,0.5337347381930478,0.364,0.4,114.8,-3.0,43.0,28.8,10.2,4.4,14.6,16.8,0.3466,0.5657577184130085,0.5340022166528017,1558.2410625604923,1471.1873525214148,0.6227228369775236
0022400008,POR,MIN,14,1,"NOV 12, 2024",0.273,0.2,102.2,-5.0,43.0,18.4,9.4,4.6,14.0,17.0,0.2574,0.5001707143150389,0.47082949650391515,0.6,0.6,114.6,2.0,42.6,25.4,8.6,5.2,15.2,18.6,0.3842,0.597250133782519,0.5708431038218945,1457.8402046223,1515.5104060784345,0.4177598208455373
0022400006,UTA,PHX,-8,0,"NOV 12, 2024",0.222,0.4,107.4,-5.0,45.0,25.0,6.8,5.8,19.6,19.6,0.33819999999999995,0.5748394507714137,0.5250983190555676,0.8,0.8,113.6,6.0,47.4,27.6,6.4,4.6,12.2,15.4,0.35819999999999996,0.5788193494761178,0.5492248584794283,1456.337787343086,1552.5460427327002,0.3649787716663384
0022400005,MIL,TOR,14,1,"NOV 12, 2024",0.2,0.2,110.2,-6.0,43.4,21.2,6.4,5.0,12.2,18.6,0.4032,0.5873719101021234,0.5620602901913931,0.182,0.2,112.6,-7.0,41.0,29.2,8.4,2.8,13.8,24.2,0.3456,0.5521318220414305,0.5259397444162578,1448.880702403151,1437.9143908518827,0.5157765521063353
0022400004,PHI,NYK,-12,0,"NOV 12, 2024",0.222,0.2,106.8,-5.0,37.4,24.0,9.0,3.2,14.0,20.0,0.33820000000000006,0.564066681333568,0.5347308971767443,0.444,0.4,115.6,-1.0,42.4,27.6,7.8,3.6,10.8,18.0,0.38380000000000003,0.5935073262397614,0.5635415486140167,1455.7476785174526,1489.297792400313,0.45186702210531116
0022400002,DET,MIA,2,1,"NOV 12, 2024",0.364,0.6,109.8,-3.0,47.8,25.8,5.6,5.8,15.4,21.8,0.3144,0.5655282592082641,0.5372349662954561,0.444,0.4,111.4,-1.0,44.0,24.2,10.4,4.4,13.2,17.6,0.4048,0.5599014648272107,0.526558785485433,1477.2378422253628,1483.3015107590827,0.4912745654048624
0022400003,ORL,CHA,25,1,"NOV 12, 2024",0.455,0.4,103.6,-1.0,41.8,23.6,8.2,5.4,14.4,19.0,0.2452,0.5336336608254142,0.48581839241638336,0.4,0.4,102.4,-2.0,45.0,22.0,8.2,3.6,14.4,20.2,0.312,0.5260226982791287,0.4935843688475268,1491.448643353,1481.5737687924782,0.5142072614184755
0022400221,OKC,NOP,18,1,"NOV 13, 2024",0.818,0.6,120.0,7.0,40.0,26.4,11.2,5.8,12.2,22.6,0.3778,0.589989591542699,0.5518008835831114,0.273,0.0,105.2,-5.0,37.2,23.2,8.4,3.8,12.8,16.8,0.36879999999999996,0.5457582236879643,0.5051479076479076,1560.0203054291314,1451.3681372507394,0.6514575387241465
0022400217,ORL,IND,4,1,"NOV 13, 2024",0.5,0.6,109.4,0.0,41.8,24.8,9.0,6.0,13.8,18.8,0.2652,0.5622445526959746,0.517001188115308,0.5,0.6,117.0,0.0,38.0,27.4,6.2,3.4,10.4,19.8,0.4112,0.6150462003775629,0.5888987556051851,1501.1644981246307,1501.4684099939534,0.4995626357741207
0022400223,MIL,DET,7,1,"NOV 13, 2024",0.273,0.4,107.4,-5.0,43.8,21.4,9.0,6.2,12.8,17.6,0.368,0.5688890426615724,0.5430786980326554,0.417,0.6,113.2,-2.0,49.6,27.2,5.6,5.4,15.8,20.6,0.3254,0.563579431817055,0.5344540515580196,1458.5651713610243,1487.4123509172655,0.45858070642517357
0022400225,LAL,MEM,5,1,"NOV 13, 2024",0.6,0.6,117.4,2.0,39.0,27.6,6.8,4.8,10.0,16.6,0.35960000000000003,0.593708230204529,0.5485346904908045,0.636,0.8,124.2,3.0,49.4,30.8,8.8,8.6,17.0,18.2,0.38180000000000003,0.6196165124248502,0.5876301258966183,1513.6033823861464,1526.0126654418204,0.4821491961837214
0022400222,HOU,LAC,8,1,"NOV 13, 2024",0.636,0.8,110.2,3.0,50.8,20.0,8.6,5.8,13.6,17.8,0.2804,0.5496107891642079,0.5155721986269818,0.545,0.8,112.6,1.0,43.0,24.2,7.2,4.6,16.0,20.0,0.46720000000000006,0.6247863727660983,0.5892137751786874,1530.0333604248929,1511.320574199625,0.5269038542971205
0022400226,POR,MIN,8,1,"NOV 13, 2024",0.333,0.4,107.2,-4.0,39.6,21.0,10.2,5.0,16.6,18.0,0.3048,0.5479000437111143,0.5153597410341597,0.545,0.6,115.6,1.0,42.6,25.6,9.8,5.6,17.0,19.8,0.39899999999999997,0.6137466379609692,0.5814846006478216,1469.4850082053892,1503.8656024953452,0.4506832150664293
0022400227,SAC,PHX,23,1,"NOV 13, 2024",0.545,0.6,110.8,1.0,43.0,21.8,7.2,3.8,11.8,18.8,0.2662,0.5639205000388504,0.5226427076495476,0.818,0.8,117.0,7.0,43.2,26.0,6.8,5.2,11.4,15.6,0.3852,0.6039257618388436,0.5766067039407935,1507.4006011561537,1559.845618166027,0.42509361931796147
0022400224,SAS,WAS,9,1,"NOV 13, 2024",0.455,0.4,109.6,-1.0,42.4,27.4,7.4,7.0,16.0,16.0,0.38139999999999996,0.6013730125509426,0.5704867436111936,0.222,0.0,100.0,-5.0,40.6,24.0,9.6,7.6,14.4,22.8,0.2696,0.5164599090887243,0.4803970447115608,1491.112558010845,1464.9103567633447,0.5376366720190896
0022400220,PHI,CLE,-8,0,"NOV 13, 2024",0.2,0.2,105.2,-6.0,38.8,23.4,8.8,3.4,13.8,20.2,0.32220000000000004,0.5604741789882558,0.5240499712257491,1.0,1.0,121.4,12.0,40.8,28.8,9.8,5.8,12.4,15.8,0.42219999999999996,0.6265888964078867,0.6033319252910672,1446.7103380753465,1601.805000211262,0.29053303590905916
0022400218,BKN,BOS,-25,0,"NOV 13, 2024",0.455,0.4,101.8,-1.0,39.4,24.0,6.0,2.8,14.2,19.2,0.343,0.5565864188923244,0.5230750467718592,0.75,0.6,114.4,6.0,42.4,25.4,7.8,5.2,13.8,15.0,0.3446,0.5890795061195154,0.5517509983556496,1494.7137817915257,1545.7866058209418,0.4270251756894345
0022400219,NYK,CHI,-1,0,"NOV 13, 2024",0.5,0.4,112.2,0.0,42.8,27.6,6.2,4.0,12.0,18.2,0.347,0.5881739876134484,0.5517382334510398,0.364,0.2,116.4,-3.0,43.4,29.4,8.6,4.8,16.2,19.0,0.3564,0.5902236381061464,0.5600847026970547,1498.3351328424192,1474.449880012635,0.5343195920104824
0022400228,UTA,DAL,2,1,"NOV 14, 2024",0.2,0.4,112.2,-6.0,42.2,27.6,7.0,5.2,16.4,19.2,0.3734,0.5941665239339994,0.5526433879845178,0.455,0.2,119.2,-1.0,41.2,27.0,6.6,2.8,12.2,19.8,0.3386,0.6151281473003574,0.5817870590908829,1449.0382119097592,1490.1996631490022,0.44103950199479924
0022400011,TOR,DET,-4,0,"NOV 15, 2024",0.167,0.0,103.4,-8.0,42.6,27.0,8.0,3.4,14.2,21.4,0.3258,0.5212125314490355,0.49143546045052944,0.385,0.4,114.2,-3.0,47.6,28.6,5.6,5.8,16.2,19.8,0.37320000000000003,0.5682677333393944,0.5423707182246863,1428.2299218940093,1476.583965045769,0.43085877165539405
0022400013,CLE,CHI,18,1,"NOV 15, 2024",1.0,1.0,121.0,13.0,42.2,28.2,9.4,5.2,12.6,15.6,0.4104,0.6299249629904095,0.6011987643343768,0.417,0.4,116.0,-2.0,44.2,28.4,9.2,4.6,18.0,17.8,0.35860000000000003,0.6034392244427786,0.5750012623889674,1607.6156609294433,1485.1362718528446,0.6693060355357485
0022400020,SAC,MIN,-4,0,"NOV 15, 2024",0.583,0.6,114.0,2.0,44.2,24.8,7.6,4.6,12.8,17.2,0.2994,0.5926228552308748,0.556125116713352,0.5,0.4,112.4,0.0,41.8,24.2,10.8,4.6,16.6,19.8,0.33999999999999997,0.5822178227311736,0.5461358260720071,1518.8987287697944,1492.8792667966738,0.5373751688157908
0022400019,GSW,MEM,5,1,"NOV 15, 2024",0.818,0.8,121.4,7.0,49.0,29.4,9.2,5.2,12.0,21.4,0.375,0.5816250552189519,0.5553261636627861,0.583,0.6,124.0,2.0,47.2,29.4,9.2,8.6,16.4,18.8,0.3658,0.6095895769299963,0.5713573634014615,1566.2193597513442,1515.6556493654948,0.5722576049019659
0022400014,NYK,BKN,2,1,"NOV 15, 2024",0.455,0.4,117.4,-1.0,43.0,29.8,6.4,3.8,13.0,18.0,0.3494,0.6091036881649977,0.5800506125612912,0.417,0.4,106.2,-2.0,40.8,24.6,5.0,2.8,14.0,18.4,0.3734,0.5790458518541683,0.545574601059611,1487.6487410022096,1486.173278277737,0.5021233487820425
0022400010,ORL,PHI,12,1,"NOV 15, 2024",0.538,0.8,111.0,1.0,43.6,26.0,8.2,7.0,13.6,19.4,0.30419999999999997,0.5743910061554189,0.5366004912511966,0.182,0.2,103.2,-7.0,40.2,22.8,8.4,3.0,13.2,18.4,0.309,0.547724904963198,0.5134552685770736,1511.1732454091482,1440.8996773571653,0.5997748750921458
0022400016,HOU,LAC,21,1,"NOV 15, 2024",0.667,0.8,110.6,4.0,52.6,21.4,9.4,6.8,14.2,17.2,0.307,0.5422148543180434,0.510815872478903,0.5,0.6,110.6,0.0,42.6,24.6,8.0,3.8,15.8,19.0,0.438,0.6088263382821971,0.5707415529564652,1539.4952833389505,1501.8586512855675,0.5539525927532089
0022400009,IND,MIA,-13,0,"NOV 15, 2024",0.455,0.6,111.4,-1.0,38.4,24.8,7.6,4.0,10.8,19.4,0.3936,0.5883797248289071,0.5556456790936817,0.4,0.2,112.0,-2.0,39.6,25.4,12.0,4.4,12.6,18.4,0.3994,0.5684492964551068,0.5374401677413057,1491.4596627094359,1473.12700206718,0.5263583615551135
0022400018,OKC,PHX,16,1,"NOV 15, 2024",0.833,0.6,120.8,8.0,37.8,25.8,12.0,6.4,10.2,21.8,0.37740000000000007,0.5907001960668629,0.5516003488237532,0.75,0.6,114.2,6.0,42.6,25.8,8.0,4.8,10.6,14.8,0.37679999999999997,0.5735470851639068,0.5483819113835896,1566.9911546546484,1548.3474905523863,0.5268046665115103
0022400017,NOP,DEN,7,1,"NOV 15, 2024",0.25,0.0,100.6,-6.0,40.2,23.0,7.8,4.0,13.8,16.6,0.3332,0.5275478290334105,0.4902383469243935,0.7,1.0,126.2,4.0,47.0,33.6,8.4,5.4,15.8,19.4,0.44820000000000004,0.6318817008197296,0.5988671821170355,1444.3972880252225,1538.2967788664275,0.3680645506588032
0022400015,SAS,LAL,-5,0,"NOV 15, 2024",0.5,0.6,116.6,0.0,41.2,30.6,7.0,6.4,15.8,15.8,0.4096,0.6221900017524666,0.5932369963917801,0.636,0.6,116.8,3.0,38.8,28.0,7.0,4.8,11.6,17.6,0.3884,0.5993584772833882,0.5652860273892002,1500.3598245704634,1523.960398462472,0.46608818658745893
0022400012,ATL,WAS,12,1,"NOV 15, 2024",0.417,0.4,113.0,-2.0,43.6,30.0,11.4,4.2,14.6,16.8,0.3258,0.5424070402343614,0.5144315095820946,0.2,0.0,106.4,-6.0,40.0,24.8,8.2,6.6,15.8,23.0,0.3114,0.5460955651683864,0.5112935166606644,1483.6418092609654,1455.6630902037264,0.5401778004861533
0022400230,BOS,TOR,3,1,"NOV 16, 2024",0.769,0.6,117.6,7.0,41.4,27.0,6.2,5.0,12.8,15.6,0.3748,0.6058451400039551,0.5677822789030591,0.154,0.0,98.6,-9.0,45.0,23.6,7.0,4.0,14.4,18.6,0.3108,0.5029793706374114,0.46796433643891905,1554.3271093347305,1419.6127464609015,0.6847047472768351
0022400232,DAL,SAS,17,1,"NOV 16, 2024",0.417,0.2,116.4,-2.0,39.6,26.2,8.0,4.2,14.0,19.8,0.3168,0.6085972304560077,0.5768564576368181,0.462,0.6,119.6,-1.0,41.0,33.0,7.0,6.2,14.6,17.0,0.4074,0.6321299349209648,0.6042583545516924,1479.020453188898,1491.0380608387143,0.4827121663710215
0022400231,NOP,LAL,-5,0,"NOV 16, 2024",0.308,0.2,100.8,-5.0,44.6,22.4,7.6,4.4,14.2,15.2,0.3388,0.5241113952814099,0.48555854396872844,0.667,0.8,120.2,4.0,39.6,27.8,7.4,5.2,11.0,16.6,0.40679999999999994,0.6153406094103142,0.5835480594747617,1457.0359970120464,1533.2821621942212,0.392001152071449
0022400233,SAC,UTA,4,1,"NOV 16, 2024",0.538,0.4,114.8,1.0,45.0,23.8,7.4,5.0,13.6,18.0,0.307,0.5956343378836786,0.5641806722689076,0.273,0.6,114.6,-5.0,42.4,27.8,7.8,4.0,15.6,18.8,0.38780000000000003,0.6025590227764133,0.569113976219812,1508.1512253934786,1460.2174218698633,0.5685479204588483
0022400229,CHA,MIL,1,1,"NOV 16, 2024",0.364,0.4,99.6,-3.0,47.8,21.6,7.6,4.0,16.2,18.8,0.2994,0.5162693738513027,0.4834195336826916,0.333,0.6,110.0,-4.0,43.4,22.4,9.8,6.8,12.2,17.0,0.3566,0.5655902122283843,0.5361631533570128,1471.8579140208476,1469.3935572325208,0.5035464350287886
0022400239,POR,ATL,4,1,"NOV 17, 2024",0.385,0.4,104.8,-3.0,41.4,20.2,10.2,6.0,18.2,18.6,0.30779999999999996,0.5369431647535551,0.49634080815980514,0.462,0.6,120.2,-1.0,46.0,31.0,11.6,5.6,14.0,17.6,0.3518,0.5615795822507275,0.5306663181122482,1480.4713439040606,1492.8382532512423,0.48221009939079645
0022400237,WAS,DET,-20,0,"NOV 17, 2024",0.182,0.0,107.4,-7.0,41.0,24.6,9.6,6.0,17.0,23.0,0.3346,0.5411993995010059,0.5086598688619223,0.429,0.6,112.6,-2.0,49.6,26.6,6.2,6.6,16.8,19.0,0.35279999999999995,0.5544151994515506,0.5243863957162878,1446.4666462134494,1485.2011404788768,0.4444863901769107
0022400235,IND,MIA,9,1,"NOV 17, 2024",0.417,0.4,106.8,-2.0,37.0,24.4,8.2,4.2,13.0,19.2,0.39239999999999997,0.5814781790761003,0.5468819092038408,0.455,0.4,114.8,-1.0,39.6,26.0,13.4,3.4,12.6,17.8,0.38739999999999997,0.5841101036703183,0.5534239405607781,1480.9324954783335,1483.6541692982823,0.49608327663813917
0022400238,MEM,DEN,15,1,"NOV 17, 2024",0.538,0.6,126.8,1.0,49.2,28.0,9.8,9.2,16.6,19.8,0.3458,0.6024711363259719,0.5564101746678649,0.636,0.8,119.2,3.0,44.2,32.2,7.6,5.4,13.8,17.6,0.4022,0.6160151421227223,0.5822875931236534,1507.100801463534,1525.6580698796035,0.4733193111963639
0022400234,MIN,PHX,3,1,"NOV 17, 2024",0.538,0.4,111.4,1.0,42.0,23.6,11.2,4.6,16.2,20.2,0.3374,0.5681885324470844,0.5341055907904143,0.692,0.4,107.8,5.0,43.4,23.4,8.2,4.4,10.2,16.0,0.3416,0.5380711242851637,0.4976200066216848,1503.6267701729896,1538.8835838826164,0.4494348147012041
0022400236,CLE,CHA,14,1,"NOV 17, 2024",1.0,1.0,123.6,14.0,41.0,28.2,10.4,4.4,13.0,14.6,0.41080000000000005,0.6401898894533922,0.6074151621838392,0.417,0.6,104.0,-2.0,50.8,22.8,7.0,4.6,15.4,17.6,0.32320000000000004,0.5308962766824308,0.49681151804241785,1614.2295402187283,1481.786985320272,0.6818747097992286
0022400243,LAC,UTA,11,1,"NOV 17, 2024",0.462,0.4,109.4,-1.0,47.0,21.6,6.8,4.8,15.2,18.8,0.4022,0.5714448039429426,0.5268526640675765,0.25,0.4,111.0,-6.0,39.2,24.0,9.4,3.4,15.8,19.2,0.3914,0.595625551443554,0.5579379462572651,1492.9377031406316,1451.5883802790402,0.5592270903996546
0022400240,NYK,BKN,10,1,"NOV 17, 2024",0.5,0.6,119.0,0.0,43.8,29.0,6.8,4.0,12.6,18.6,0.3242,0.6111564922898742,0.5779278357397192,0.385,0.2,109.4,-3.0,40.8,24.4,5.2,3.0,13.2,18.4,0.38380000000000003,0.5841387646566981,0.543849079390269,1497.6062740265688,1476.2157452533777,0.5307446096101751
0022400242,OKC,DAL,-2,0,"NOV 17, 2024",0.846,0.8,116.2,9.0,39.0,24.2,10.2,7.4,9.4,21.4,0.34740000000000004,0.5799928384792354,0.5377102389336432,0.462,0.2,114.6,-1.0,40.8,24.8,7.6,4.8,13.8,19.6,0.3052,0.6001322157032666,0.5693066978564476,1576.4550613244182,1489.3662098614777,0.6227703616988758
0022400241,CHI,HOU,-36,0,"NOV 17, 2024",0.385,0.4,121.4,-3.0,41.2,29.8,9.0,5.0,17.0,18.4,0.3966,0.630608259017329,0.6023268437843162,0.692,0.8,110.2,5.0,53.2,22.0,9.6,6.4,14.4,19.6,0.3194,0.5398867340649124,0.5047413110753942,1478.5223925635596,1548.4162314838863,0.40074995265445595
0022400251,LAC,GSW,3,1,"NOV 18, 2024",0.5,0.4,111.2,0.0,45.6,23.6,7.6,5.4,13.4,16.8,0.3638,0.5683254739772686,0.5302542926465099,0.833,0.8,121.0,8.0,49.0,30.2,10.0,5.0,14.6,23.0,0.3928,0.5828220751244884,0.5593762373004886,1501.7531613326385,1574.774207653305,0.3964346924726926
0022400250,SAC,ATL,-1,0,"NOV 18, 2024",0.571,0.6,119.4,2.0,45.0,24.8,7.4,5.0,13.8,20.0,0.3766,0.6136983022112652,0.5895591090931276,0.429,0.4,118.0,-2.0,45.8,30.8,11.2,6.2,17.4,18.6,0.3416,0.5658419819589697,0.5303722004651894,1516.7802669843018,1482.4824552390583,0.5491988075062709
0022400249,PHX,ORL,-10,0,"NOV 18, 2024",0.643,0.2,108.4,4.0,44.2,24.0,8.8,4.4,12.4,17.6,0.35500000000000004,0.5444204841417357,0.5048840285095098,0.571,1.0,108.4,2.0,44.6,23.8,9.2,7.2,13.8,19.2,0.3076,0.5673682709289415,0.5269069327771503,1527.8722801766405,1519.1777479073053,0.5125098264523302
0022400248,MIL,HOU,1,1,"NOV 18, 2024",0.308,0.4,108.2,-5.0,43.2,24.6,8.4,7.4,12.0,16.4,0.35419999999999996,0.5567669527855463,0.5344033189884827,0.714,1.0,117.4,6.0,56.8,25.0,9.8,7.6,13.0,19.6,0.3048,0.5544929977542489,0.5201381364722196,1459.4644859330965,1556.4312305369754,0.36396741507012087
0022400245,MIA,PHI,17,1,"NOV 18, 2024",0.417,0.4,114.4,-2.0,38.6,24.8,11.8,3.0,12.6,17.2,0.39940000000000003,0.5843350249478712,0.5534480951501501,0.167,0.2,100.8,-8.0,40.6,22.8,8.4,3.2,12.4,18.6,0.3176,0.5331317769140367,0.4887216308297372,1473.575834831045,1432.8951748590082,0.5582780941492061
0022400247,TOR,IND,11,1,"NOV 18, 2024",0.143,0.0,101.8,-10.0,47.4,25.6,6.2,4.2,14.0,17.8,0.3302,0.504567557179147,0.47009791714392823,0.462,0.4,107.0,-1.0,38.8,26.2,8.0,4.8,12.8,17.6,0.3896,0.5733941709374706,0.5420212280892897,1413.3068414064383,1491.0108299455708,0.3900028795103907
0022400246,NYK,WAS,28,1,"NOV 18, 2024",0.538,0.6,118.6,1.0,43.6,28.6,6.2,4.4,12.4,19.2,0.32839999999999997,0.6127156615083644,0.5805377258496093,0.167,0.0,107.4,-8.0,40.6,23.4,8.0,5.0,16.8,20.8,0.372,0.553635785140513,0.5256957543393156,1506.9913818343653,1437.5769184099113,0.5985871721467545
0022400244,DET,CHI,-10,0,"NOV 18, 2024",0.467,0.6,113.0,-1.0,50.8,26.6,7.0,5.8,14.4,19.2,0.3634,0.5496661362332281,0.51931566927179,0.357,0.4,119.0,-4.0,44.2,29.0,8.8,5.6,17.0,18.6,0.36319999999999997,0.5965192524574021,0.5588370391963808,1494.090868282415,1470.5073935104706,0.5338873189150531
0022400021,BOS,CLE,3,1,"NOV 19, 2024",0.786,0.8,120.4,8.0,40.4,28.6,5.6,5.6,12.2,16.0,0.3732,0.6103495673927959,0.5723277334485136,1.0,1.0,122.0,15.0,42.0,26.8,9.6,3.8,13.2,15.2,0.4022,0.6437496897732589,0.6068192874703174,1560.6330143891937,1620.5920460227437,0.41455855675666925
0022400022,BKN,CHA,1,1,"NOV 19, 2024",0.357,0.2,109.4,-4.0,37.6,25.8,4.2,3.0,12.6,17.8,0.4142,0.603169717298063,0.5584280267586902,0.385,0.4,105.2,-3.0,49.4,25.2,8.4,5.0,14.8,19.0,0.3366,0.524884565723301,0.4955601696066035,1466.8306374455813,1475.4244795162565,0.48763498872971595
0022400023,MEM,DEN,-12,0,"NOV 19, 2024",0.571,0.6,121.6,2.0,48.2,28.6,10.8,10.0,15.4,19.4,0.3124,0.5844915912765088,0.5393004027193833,0.583,0.6,113.0,2.0,43.2,31.0,7.6,4.4,13.2,15.8,0.4022,0.5944979285298087,0.5666823148677727,1517.6344152396068,1515.1244561035307,0.5036120587195327
0022400026,LAL,UTA,6,1,"NOV 19, 2024",0.692,1.0,118.2,5.0,40.8,28.0,7.4,5.6,11.0,15.8,0.4042,0.6111432558018011,0.5803705797115625,0.231,0.4,112.0,-7.0,39.6,24.0,9.8,2.6,15.2,18.2,0.3684,0.5986683979741887,0.5640697890979687,1541.1221852356502,1442.7729220870333,0.6378729175691705
0022400024,DAL,NOP,41,1,"NOV 19, 2024",0.5,0.4,116.2,0.0,43.6,24.8,7.4,5.6,14.8,19.2,0.31999999999999995,0.5953225577170362,0.5613900311897809,0.286,0.2,96.2,-6.0,48.0,23.0,7.4,3.6,15.8,16.2,0.3184,0.5088149829760449,0.4729216326872388,1501.8216170954552,1449.1959739706174,0.5751604686443288
0022400025,SAS,OKC,6,1,"NOV 19, 2024",0.429,0.4,114.6,-2.0,41.0,30.2,7.2,7.2,13.8,17.4,0.38039999999999996,0.5927994101154285,0.5535654498953732,0.786,0.6,114.8,8.0,36.6,25.2,10.6,6.8,8.6,21.8,0.3384,0.5755724286852739,0.5348749898914976,1480.6923041661346,1563.9996540904408,0.3823570562774517
0022400252,CLE,NOP,28,1,"NOV 20, 2024",0.938,0.8,124.4,14.0,43.6,28.0,8.0,3.4,11.8,14.6,0.39980000000000004,0.6327017002105808,0.5948750852035345,0.267,0.2,96.8,-7.0,49.2,23.2,7.2,4.2,17.0,16.8,0.3226,0.5169290427284841,0.47841613818174433,1608.8832171578772,1440.699183343504,0.7247496270884967
0022400259,LAC,ORL,11,1,"NOV 20, 2024",0.533,0.4,110.6,1.0,45.0,25.8,8.4,5.0,14.4,15.4,0.38100000000000006,0.5651965826161693,0.5298691835322609,0.6,1.0,107.2,3.0,43.6,23.8,8.4,7.0,13.2,20.2,0.3334,0.5719080422024816,0.530058707562952,1513.8244674831847,1529.427944436352,0.4775598764129434
0022400258,GSW,ATL,23,1,"NOV 20, 2024",0.769,0.6,117.2,7.0,47.4,31.2,11.2,4.8,16.2,22.0,0.3832,0.573823859160141,0.558826786751038,0.467,0.6,115.6,-1.0,44.4,31.6,10.2,6.2,16.8,18.2,0.3424,0.5727701647667265,0.5374396455030729,1562.7029015027588,1493.4664313891838,0.5983409529754189
0022400257,PHX,NYK,-16,0,"NOV 20, 2024",0.6,0.2,104.6,3.0,43.6,23.0,7.6,4.2,12.8,18.0,0.3504,0.5440048660528164,0.5027268282800204,0.571,0.8,121.2,2.0,44.0,31.4,6.0,4.0,11.4,17.6,0.3724,0.6237304019946276,0.5953265514818085,1517.6220836475939,1515.0196383914301,0.5037451497402263
0022400255,MEM,PHI,6,1,"NOV 20, 2024",0.533,0.4,118.0,1.0,49.2,27.4,10.6,10.0,16.4,20.4,0.2946,0.5602803429911866,0.5183715667670262,0.154,0.2,97.4,-9.0,40.2,22.2,9.2,3.0,14.2,19.2,0.2998,0.5329312363749568,0.4891680594011657,1507.5621740652161,1424.0607367419923,0.6179067605581364
0022400256,OKC,POR,10,1,"NOV 20, 2024",0.733,0.6,112.4,7.0,37.8,25.0,13.0,6.4,9.0,21.8,0.3322,0.5664497648497686,0.5318111601042637,0.429,0.6,106.6,-2.0,41.2,21.8,12.0,7.4,19.4,20.0,0.3252,0.5374964797250288,0.49789527572406456,1551.6467952159899,1490.8271419162447,0.5866432998031883
0022400254,HOU,IND,17,1,"NOV 20, 2024",0.667,0.8,117.2,5.0,56.8,25.0,9.6,7.8,13.2,18.4,0.31980000000000003,0.5515544763138933,0.5198908246442626,0.429,0.4,114.2,-2.0,37.8,27.2,9.4,5.0,12.4,18.2,0.40259999999999996,0.5906927090973815,0.5557001863465613,1543.7105788383778,1478.8108875357786,0.5923268042955759
0022400253,MIL,CHI,16,1,"NOV 20, 2024",0.357,0.6,109.6,-4.0,43.6,24.8,9.8,8.0,12.6,16.8,0.3864,0.5663735993512266,0.5464515117595672,0.4,0.4,118.4,-3.0,44.0,28.6,7.0,5.4,15.6,18.2,0.3966,0.5996803153227628,0.5666846263917942,1472.185137631694,1481.1851398887716,0.48705085186111924
0022400260,CHA,DET,2,1,"NOV 21, 2024",0.357,0.2,107.6,-4.0,47.0,25.6,8.4,5.2,16.2,19.8,0.37679999999999997,0.5422184309691896,0.5093000070049774,0.438,0.6,115.6,-2.0,51.2,27.8,6.4,5.2,12.6,18.8,0.36679999999999996,0.5497840112479924,0.5215265536255315,1465.1771792908507,1483.413121904114,0.4737804420986087
0022400263,LAL,ORL,-1,0,"NOV 21, 2024",0.714,1.0,119.8,6.0,38.6,28.4,9.0,4.0,11.6,15.6,0.4032,0.6189118840741804,0.5869650069561445,0.563,0.8,101.6,2.0,39.6,23.0,9.4,7.4,13.8,19.4,0.3084,0.5619762433960024,0.51993416543841,1548.364726884267,1518.9791419646108,0.5421887047446295
0022400261,TOR,MIN,5,1,"NOV 21, 2024",0.2,0.2,107.2,-9.0,47.8,25.8,5.6,5.0,16.6,18.4,0.3674,0.5435857880901327,0.5084547849231325,0.571,0.4,110.0,2.0,38.6,22.6,11.0,4.4,15.6,18.6,0.33659999999999995,0.5763123957931696,0.540767961924435,1425.5067838162304,1514.6380738789655,0.3744715572209934
0022400262,SAS,UTA,8,1,"NOV 21, 2024",0.467,0.6,114.6,-1.0,42.8,30.8,6.6,6.2,14.0,14.8,0.3906,0.5953787332110064,0.5610211550690088,0.214,0.2,113.4,-8.0,39.0,25.0,9.0,1.8,14.6,19.0,0.3744,0.6046728254095913,0.5725250736508143,1493.0451630405855,1435.5303804384166,0.5820225484508864
0022400028,WAS,BOS,-12,0,"NOV 22, 2024",0.154,0.0,109.8,-9.0,41.4,24.0,8.2,4.2,15.6,19.6,0.378,0.5485019081392398,0.5267336053771667,0.8,0.8,122.8,9.0,41.0,30.4,5.0,4.6,12.2,16.8,0.42780000000000007,0.6307571687212492,0.5980124879704775,1429.5486618528464,1572.3418432540602,0.3053427532071227
0022400027,PHI,BKN,15,1,"NOV 22, 2024",0.143,0.0,98.2,-10.0,40.4,21.6,10.0,4.0,13.6,18.4,0.31179999999999997,0.5345950522587148,0.48789548140444977,0.4,0.4,112.6,-3.0,37.6,27.8,5.0,4.2,11.8,18.8,0.43220000000000003,0.6082588257075083,0.5692175004429008,1416.418871953155,1477.077937670987,0.41358088259336345
0022400030,CHI,ATL,14,1,"NOV 22, 2024",0.375,0.4,117.0,-4.0,40.4,28.4,7.0,4.8,14.4,19.4,0.3986,0.5958998853129762,0.564242097656162,0.438,0.6,112.4,-2.0,49.6,30.8,10.4,6.2,17.6,17.8,0.3338,0.5461417293558049,0.5132876925870751,1470.926156925994,1485.4332504486922,0.47913473870858014
0022400031,HOU,POR,28,1,"NOV 22, 2024",0.688,0.8,121.8,6.0,54.6,27.4,10.4,6.2,12.0,19.2,0.343,0.5539396322300187,0.5261112438464263,0.4,0.6,106.0,-3.0,43.6,22.8,11.0,7.4,20.6,20.6,0.35619999999999996,0.5454732251507889,0.5055875834163722,1551.8640427524663,1482.5600079123085,0.598434421499977
0022400032,NOP,GSW,-4,0,"NOV 22, 2024",0.25,0.2,95.8,-8.0,48.2,21.6,6.4,4.0,17.2,16.0,0.3076,0.5095153177243473,0.4718943990513095,0.786,0.8,117.8,8.0,50.2,32.0,10.4,5.4,15.8,20.6,0.3912,0.5716692739659174,0.5565738063509571,1435.194175885274,1570.7360824432503,0.31426774613314784
0022400029,MIL,IND,12,1,"NOV 22, 2024",0.4,0.8,112.6,-3.0,44.4,26.6,9.4,6.8,12.4,15.8,0.3774,0.5780871067933393,0.5603558327472214,0.4,0.2,110.4,-3.0,38.6,25.6,9.6,6.0,15.8,18.6,0.35660000000000003,0.577572141721495,0.5416120154812819,1482.4441205944715,1470.6574236216902,0.5169559161393442
0022400033,DEN,DAL,-3,0,"NOV 22, 2024",0.615,0.6,112.6,3.0,42.8,30.0,9.0,4.4,13.2,17.2,0.3846,0.5859469887155732,0.5623227643059749,0.533,0.6,118.6,1.0,44.8,24.2,8.4,6.0,15.0,18.8,0.3498,0.5990360300925665,0.5627611895822159,1525.1966972779214,1510.3184077225685,0.5213985010814708
0022400034,LAC,SAC,16,1,"NOV 22, 2024",0.563,0.6,105.8,2.0,45.4,24.0,9.4,4.2,14.2,15.4,0.37279999999999996,0.547799761486212,0.5078561965192738,0.533,0.4,115.6,1.0,42.6,25.0,7.8,5.2,14.4,20.0,0.4042,0.6143016093593601,0.5913238149754805,1524.2732699549258,1505.7962908341763,0.5265654708095402
0022400269,SAS,GSW,10,1,"NOV 23, 2024",0.5,0.6,116.6,0.0,44.2,31.0,7.2,7.0,13.0,16.8,0.3512,0.5807428835702522,0.5373714224486881,0.8,0.8,114.8,9.0,51.4,30.4,9.8,5.8,16.2,19.2,0.35839999999999994,0.5558111984426114,0.5353029810894305,1501.4047120715677,1577.0214373659132,0.39286506418347505
0022400264,UTA,NYK,15,1,"NOV 23, 2024",0.2,0.2,114.6,-9.0,41.0,23.0,8.4,2.6,15.4,21.4,0.3532,0.5957791647956415,0.5553334143784097,0.6,0.8,126.6,3.0,42.8,31.2,6.4,3.0,11.0,17.6,0.41180000000000005,0.6525187174417078,0.6247098804601204,1427.1708314074344,1525.0945413862346,0.3626931277253573
0022400270,LAL,DEN,-25,0,"NOV 23, 2024",0.667,0.8,118.8,5.0,39.2,26.6,8.0,4.4,12.6,15.6,0.42219999999999996,0.613680146924193,0.5867778912116912,0.571,0.4,109.6,2.0,43.4,29.2,8.8,4.8,12.4,18.4,0.38520000000000004,0.5516496385523258,0.5288659741825181,1537.5209527893744,1514.768727256292,0.5326963591739664
0022400267,HOU,POR,-6,0,"NOV 23, 2024",0.706,0.8,122.8,7.0,53.0,27.2,11.6,5.0,12.8,19.8,0.34500000000000003,0.5592376649782812,0.530501001079549,0.375,0.6,105.8,-4.0,44.0,22.6,11.0,8.4,20.0,20.4,0.38839999999999997,0.5514068785049779,0.5116095614383502,1559.8953543224668,1474.528696342308,0.6204385325423251
0022400265,ORL,DET,11,1,"NOV 23, 2024",0.588,0.8,102.6,3.0,40.6,24.2,8.6,7.0,14.8,20.2,0.3244,0.568220924669234,0.5244715635241951,0.412,0.4,115.2,-3.0,51.2,27.4,7.2,5.0,12.6,19.6,0.3654,0.541877569530201,0.5159380599935595,1529.8229160595033,1472.8887307460861,0.5812092648188691
0022400268,MIL,CHA,6,1,"NOV 23, 2024",0.438,0.8,118.6,-2.0,43.8,28.2,8.2,5.8,12.6,16.0,0.41459999999999997,0.6089359390332398,0.5880390478772451,0.4,0.4,111.2,-3.0,45.6,25.8,8.8,5.2,15.4,19.8,0.41600000000000004,0.5622179017462146,0.5349027234735683,1492.1050022716847,1475.7015704488786,0.5235889116012402
0022400266,CHI,MEM,-11,0,"NOV 23, 2024",0.412,0.4,119.4,-3.0,40.6,29.4,6.6,5.6,14.6,19.4,0.40920000000000006,0.6066135185051611,0.5758983653816299,0.563,0.4,114.6,2.0,47.2,26.8,8.6,8.6,16.2,20.4,0.30860000000000004,0.5497088925254854,0.5077833314729086,1481.3434621518225,1515.2040388540534,0.45142440886571167
0022400271,BOS,MIN,2,1,"NOV 24, 2024",0.813,0.8,121.8,10.0,41.2,29.4,6.2,5.6,12.2,17.4,0.39960000000000007,0.6243125080020109,0.5921711747009837,0.533,0.4,112.2,1.0,37.2,21.4,10.8,4.4,15.2,19.4,0.34740000000000004,0.5871012340304055,0.5439497801062532,1578.4486983182028,1502.1275050233853,0.608101779725645
0022400275,CLE,TOR,14,1,"NOV 24, 2024",0.941,0.8,126.2,15.0,45.4,28.6,7.2,4.6,12.4,15.2,0.41899999999999993,0.6511500842640003,0.6154825566590272,0.25,0.4,108.6,-8.0,48.4,25.0,7.4,4.8,16.8,18.6,0.3592,0.5546122033351537,0.5185157605328885,1614.3882246161072,1438.0173526718106,0.7340506884343474
0022400276,SAC,BKN,-5,0,"NOV 24, 2024",0.5,0.4,114.0,0.0,44.8,25.2,6.6,6.0,15.2,19.8,0.39160000000000006,0.6072637008211956,0.5801626869468827,0.375,0.2,110.8,-4.0,35.2,28.6,4.4,4.0,12.4,19.4,0.41200000000000003,0.6118035194518784,0.5760740405272889,1496.3276002503671,1465.3495553228543,0.5444632272276385
0022400274,PHI,LAC,-26,0,"NOV 24, 2024",0.2,0.2,101.0,-9.0,40.4,22.8,10.6,4.6,13.2,17.6,0.3196,0.5408837762419665,0.5028509554746436,0.588,0.8,106.0,3.0,47.8,24.0,10.0,4.2,14.8,17.0,0.3468,0.5507681142202623,0.5077232177958696,1428.1472543012878,1533.741960538735,0.3525493433339576
0022400272,IND,WAS,12,1,"NOV 24, 2024",0.375,0.2,115.8,-4.0,39.6,27.2,9.8,6.0,15.6,18.2,0.3548,0.5933856424057062,0.5601101839794504,0.143,0.0,110.6,-10.0,44.2,23.6,6.6,4.0,15.8,22.0,0.357,0.5492654390863454,0.5268598680034293,1460.996541944477,1423.441806788704,0.5538361029786432
0022400273,MIA,DAL,5,1,"NOV 24, 2024",0.462,0.6,111.2,-1.0,42.6,23.4,11.6,3.2,13.0,16.0,0.3654,0.5711357936240524,0.5320003084052247,0.563,0.8,119.8,2.0,45.6,23.8,9.4,6.8,14.2,18.6,0.359,0.5948618307888583,0.5569919588129851,1482.410272948061,1520.7463777441978,0.44505272311610683
0022400284,GSW,BKN,-8,0,"NOV 25, 2024",0.75,0.6,109.6,8.0,51.2,30.4,8.0,5.0,15.8,19.8,0.3538,0.5358033846602877,0.5151909990065638,0.412,0.4,109.6,-3.0,34.6,28.2,5.0,4.4,12.4,20.0,0.421,0.6062298296649586,0.5720909181644197,1564.8787386495828,1476.238819867407,0.6248656384965898
0022400285,SAC,OKC,-21,0,"NOV 25, 2024",0.471,0.2,109.2,-1.0,44.6,21.8,6.4,5.6,15.0,20.2,0.3564,0.5723272988983641,0.540518997303193,0.75,0.6,107.4,8.0,41.2,23.6,12.6,7.0,9.4,21.2,0.312,0.5417266635839457,0.5065364348295383,1485.4383357058143,1559.913929219926,0.39443298568145213
0022400283,DEN,NYK,-27,0,"NOV 25, 2024",0.6,0.4,110.6,3.0,44.0,29.6,9.0,4.2,13.8,18.8,0.3886,0.5707330024285613,0.5534754562323949,0.563,0.8,123.2,2.0,42.8,30.0,7.0,4.4,9.8,18.0,0.39740000000000003,0.6325197194791838,0.6016247740771417,1525.4226544397713,1512.3484039407417,0.5188064826716816
0022400281,BOS,LAC,32,1,"NOV 25, 2024",0.824,1.0,120.0,11.0,42.4,28.8,5.8,6.0,9.4,19.6,0.39459999999999995,0.6051112519223019,0.5760332436665009,0.611,1.0,110.2,4.0,46.4,27.8,10.6,4.0,15.4,18.4,0.3768,0.5871351918754646,0.5519207486600671,1586.28666272369,1540.792947405414,0.5650990881637494
0022400279,IND,NOP,4,1,"NOV 25, 2024",0.412,0.4,116.6,-3.0,40.8,27.8,9.8,5.8,13.8,18.8,0.36360000000000003,0.588683580894536,0.550807858398055,0.235,0.2,99.8,-9.0,45.2,23.0,7.8,5.0,14.4,18.0,0.3206,0.5215931125260644,0.4845334283738576,1469.9198198849042,1428.9088209626111,0.558746979591571
0022400282,MEM,POR,25,1,"NOV 25, 2024",0.588,0.6,118.4,3.0,48.8,28.8,7.4,8.2,15.8,19.0,0.3262,0.5663874559479757,0.5342931629335828,0.412,0.6,102.2,-3.0,46.8,19.8,9.2,9.4,19.4,21.0,0.35760000000000003,0.523816710844102,0.48335559318438204,1524.2325270313677,1486.9374669931544,0.553466703232938
0022400280,ATL,DAL,-10,0,"NOV 25, 2024",0.412,0.4,113.4,-3.0,49.2,30.2,9.4,6.6,16.6,17.6,0.32999999999999996,0.5401711151613185,0.5031111609152162,0.529,0.8,120.8,1.0,51.4,24.6,8.4,6.6,13.4,19.8,0.34740000000000004,0.5761168855642426,0.5350311744992596,1475.0159452228638,1509.64743220652,0.4503256896200096
0022400278,DET,TOR,2,1,"NOV 25, 2024",0.389,0.4,111.2,-4.0,49.0,24.8,7.4,5.2,13.2,19.6,0.3494,0.5464618306625832,0.5166047266602263,0.235,0.4,113.2,-9.0,48.6,25.4,7.0,4.6,15.4,20.0,0.3488,0.5659220821809859,0.5317614632629188,1464.5129160424635,1432.6983664404975,0.5456572765048243
0022400277,CHA,ORL,-11,0,"NOV 25, 2024",0.375,0.4,117.2,-4.0,45.6,25.8,8.6,5.6,13.0,20.4,0.4284,0.5724389595865096,0.5394741520449968,0.611,0.8,106.0,4.0,39.4,24.0,9.6,6.8,14.0,20.4,0.3176,0.5792799153907695,0.5337901185324053,1466.1733486809035,1538.198730763126,0.39780690445004013
0022400039,PHX,LAL,27,1,"NOV 26, 2024",0.563,0.0,105.0,2.0,42.0,24.8,8.2,2.4,14.0,19.0,0.33399999999999996,0.5412245219759915,0.5002748565914461,0.625,0.6,113.6,4.0,37.2,25.8,8.8,4.0,12.0,14.4,0.3968,0.5928178655926979,0.565481099767841,1507.5471806527894,1526.8670256058952,0.4722251301304259
0022400038,UTA,SAS,-13,0,"NOV 26, 2024",0.25,0.2,115.8,-8.0,43.4,24.0,7.0,3.0,15.4,21.2,0.3886,0.6006378862094813,0.561851331890242,0.529,0.6,109.6,1.0,46.0,29.2,6.8,7.4,12.8,17.0,0.32480000000000003,0.5611064448539708,0.5181642613233683,1439.9169688529273,1513.5474107878981,0.3955956329965206
0022400037,MIN,HOU,-6,0,"NOV 26, 2024",0.5,0.4,111.6,0.0,40.6,20.8,8.6,3.8,12.6,18.6,0.3464,0.5651488615430162,0.525908061550836,0.667,0.6,117.4,6.0,52.0,24.4,11.0,5.4,12.2,18.6,0.30860000000000004,0.5315460682517581,0.49365889581639105,1494.2895406178982,1547.4865836716203,0.42403600137683717
0022400036,MIA,MIL,-3,0,"NOV 26, 2024",0.5,0.6,116.8,0.0,45.4,25.2,10.0,2.6,10.4,16.4,0.3626,0.5650029499969306,0.5284683263685698,0.471,0.8,118.2,-1.0,44.6,27.0,6.8,5.8,13.2,18.0,0.426,0.6135770276771688,0.594366664672041,1493.5092184857388,1501.63322403966,0.4883107465012765
0022400035,WAS,CHI,-19,0,"NOV 26, 2024",0.133,0.0,105.2,-11.0,44.2,23.0,7.2,4.0,15.4,21.2,0.33799999999999997,0.5363088643226362,0.509817895984775,0.389,0.4,120.4,-4.0,40.4,28.8,6.0,6.4,13.4,18.2,0.40440000000000004,0.600783840486624,0.5715169220826608,1414.518528848277,1472.3149739745081,0.41758306728336253
0022400299,GSW,OKC,-4,0,"NOV 27, 2024",0.706,0.4,109.0,7.0,48.6,30.2,7.8,4.8,14.4,18.4,0.3538,0.5423860995553966,0.5252524429389756,0.765,0.6,112.2,9.0,43.8,25.2,10.6,6.2,11.4,21.4,0.3254,0.5642152956086603,0.5287615933919062,1552.381425879651,1567.8025889335552,0.4778217248704129
0022400297,PHX,BKN,-10,0,"NOV 27, 2024",0.588,0.2,109.6,3.0,43.2,26.4,7.6,2.6,13.8,20.2,0.3546,0.5681429366016979,0.5328480108140848,0.444,0.6,110.8,-2.0,35.6,27.4,4.6,4.6,12.8,19.2,0.4272,0.6188753823815732,0.5859937203845361,1518.1026780501809,1488.7361326373389,0.5421614996419787
0022400298,UTA,DEN,-19,0,"NOV 27, 2024",0.235,0.2,115.4,-9.0,45.0,25.6,6.0,3.2,17.0,21.2,0.3704,0.5993998378716477,0.565041808080718,0.563,0.4,115.4,2.0,43.0,29.0,8.0,4.6,14.6,19.2,0.40119999999999995,0.5819736929063171,0.5580106886162028,1432.0050561929968,1515.0465247863376,0.3827185728866594
0022400292,DAL,NYK,15,1,"NOV 27, 2024",0.556,0.8,124.6,2.0,51.0,24.2,7.8,6.8,14.0,18.8,0.38720000000000004,0.5926103953613238,0.5499247915205362,0.588,0.8,127.4,3.0,42.4,34.0,6.6,4.0,9.0,18.4,0.4346,0.6488370879962172,0.622329331437016,1518.6539459989203,1522.7245335941755,0.49414222157592713
0022400295,NOP,TOR,-26,0,"NOV 27, 2024",0.222,0.0,101.6,-10.0,42.8,25.8,8.8,4.6,14.6,18.6,0.31239999999999996,0.5305400675033395,0.5006253823968461,0.222,0.4,114.2,-10.0,48.0,26.4,7.0,4.4,14.4,22.8,0.35439999999999994,0.5691216361112834,0.5398106305904367,1420.0837605544425,1423.611511970594,0.49492333207327416
0022400289,ORL,CHI,14,1,"NOV 27, 2024",0.632,0.8,105.4,5.0,38.6,25.2,9.8,6.8,12.2,20.4,0.3104,0.5611243477193144,0.5239974289524817,0.421,0.6,124.4,-3.0,41.0,29.4,5.6,5.8,12.8,18.4,0.4244,0.6315723191578447,0.6060367073282364,1546.1548688521268,1480.6666353201754,0.5931446485962532
0022400290,PHI,HOU,-7,0,"NOV 27, 2024",0.188,0.2,99.6,-10.0,38.0,22.4,10.6,5.2,13.6,18.4,0.3006,0.5330258601831787,0.4880380131086174,0.684,0.6,112.2,7.0,47.6,23.8,11.8,5.4,12.2,19.0,0.33080000000000004,0.5231852407925489,0.48543378759128286,1421.0962674346088,1555.9673036991571,0.3151005825830549
0022400296,SAS,LAL,-18,0,"NOV 27, 2024",0.556,0.8,112.2,2.0,45.8,28.8,8.0,7.4,12.2,16.6,0.3242,0.5626631680929997,0.5172478390359784,0.588,0.4,109.6,3.0,37.4,25.4,8.2,4.6,12.4,14.4,0.3534,0.5746853068211257,0.5460425970940441,1521.4593234478286,1516.3115282085037,0.5074077307972283
0022400294,MIN,SAC,-11,0,"NOV 27, 2024",0.471,0.4,114.2,-1.0,42.8,21.8,7.4,4.0,13.4,18.4,0.358,0.5745598408744076,0.534635807968552,0.444,0.2,105.8,-2.0,40.6,22.4,7.2,5.0,14.8,21.2,0.3416,0.564330581215353,0.5337661237399745,1485.8088205903614,1477.5496759921853,0.5118836261450854
0022400293,MEM,DET,20,1,"NOV 27, 2024",0.611,0.8,119.4,4.0,50.0,31.4,7.2,8.6,16.4,18.8,0.3786,0.5866145581819034,0.5585873265313954,0.421,0.4,111.8,-3.0,45.4,25.4,6.6,5.0,13.4,20.2,0.372,0.5648745954016938,0.5313415687654894,1533.163192966709,1473.599770512367,0.5848886334505918
0022400288,IND,POR,7,1,"NOV 27, 2024",0.444,0.4,115.6,-2.0,40.0,27.8,10.6,5.0,14.4,18.8,0.3464,0.5780969790201868,0.5451711421731036,0.389,0.4,100.6,-4.0,46.2,20.8,9.2,8.8,17.8,21.6,0.32039999999999996,0.49570937843901247,0.45545575855173376,1478.7448802930728,1478.0068010578132,0.5010621798050056
0022400286,CHA,MIA,-4,0,"NOV 27, 2024",0.353,0.2,111.0,-5.0,45.4,23.6,8.4,5.8,16.2,21.2,0.4008,0.5607262757204641,0.5271730767761796,0.467,0.6,113.2,-1.0,44.4,25.4,8.4,2.4,10.0,14.8,0.356,0.5658128277631473,0.5224634401656638,1458.2172105919026,1483.7430035557131,0.4633313828649129
0022400287,CLE,ATL,-11,0,"NOV 27, 2024",0.944,0.8,127.8,16.0,46.0,29.0,7.8,5.2,12.8,16.6,0.417,0.6461430806642573,0.613299415361271,0.389,0.2,111.4,-4.0,46.0,31.0,9.4,5.8,16.2,17.2,0.3232,0.5343083118830231,0.5009491079752284,1619.7072108474204,1466.0094314304636,0.7078067155144142
0022400291,WAS,LAC,-25,0,"NOV 27, 2024",0.125,0.0,103.4,-12.0,42.4,22.8,6.4,3.6,14.8,20.2,0.32220000000000004,0.5379926260134354,0.5112381738201472,0.579,0.8,105.8,3.0,47.0,25.4,10.0,3.6,16.2,18.6,0.37560000000000004,0.5710300461516917,0.5367907250194052,1406.1668675026096,1532.094929168689,0.32631484087390644
0022400042,MEM,NOP,11,1,"NOV 29, 2024",0.632,0.8,124.6,5.0,49.4,31.4,7.8,7.4,17.2,20.0,0.386,0.6085052618090524,0.582148711383103,0.211,0.0,100.4,-11.0,42.2,25.8,9.8,4.6,14.2,18.0,0.2994,0.5171884493876991,0.49228233277901995,1541.4654202976972,1410.185293912977,0.6804214208505306
0022400049,POR,SAC,9,1,"NOV 29, 2024",0.368,0.2,100.6,-5.0,45.8,20.8,7.2,7.8,16.6,21.0,0.3382,0.5060757180315811,0.4676275673841597,0.474,0.2,104.6,-1.0,43.0,23.2,7.6,5.0,15.2,19.6,0.31379999999999997,0.5499212922681849,0.5203080360701463,1468.0280446539132,1487.787348515087,0.4715946940988002
0022400048,LAL,OKC,-8,0,"NOV 29, 2024",0.611,0.4,112.6,4.0,38.0,26.8,7.8,4.6,12.8,14.6,0.3698,0.5934396350456966,0.5660301126995373,0.778,0.6,113.4,10.0,42.8,26.2,11.4,5.8,12.2,20.4,0.3348,0.5730104072440193,0.5433575856349572,1526.4596828244482,1577.3590234309634,0.42726953805165946
0022400047,CHI,BOS,-9,0,"NOV 29, 2024",0.4,0.4,123.8,-4.0,39.2,29.8,6.8,6.0,14.4,20.4,0.4006,0.6325481396482013,0.6081966163846972,0.833,1.0,117.4,12.0,42.8,28.4,6.4,7.0,10.2,18.6,0.3852,0.6010548339556342,0.5721231752403033,1472.5295282921004,1594.9846809604148,0.33072484502835603
0022400045,IND,DET,-24,0,"NOV 29, 2024",0.474,0.6,116.0,-1.0,43.0,27.4,9.2,6.0,14.8,19.2,0.3526,0.5854116487862184,0.5528328657922739,0.4,0.2,109.2,-4.0,43.6,24.8,5.6,5.0,15.4,19.8,0.35100000000000003,0.5628078717874189,0.5283821994507532,1488.7236366969728,1465.2975431813788,0.5336618625333511
0022400046,MIA,TOR,10,1,"NOV 29, 2024",0.5,0.6,108.0,0.0,46.0,24.2,6.4,3.2,11.6,14.2,0.3602,0.556664996741579,0.5113628260891404,0.263,0.6,113.4,-9.0,49.2,27.0,8.6,4.8,15.6,22.2,0.357,0.5730933575144058,0.5496387723734657,1493.0096312130113,1433.5099786120595,0.5847995037492197
0022400044,MIN,LAC,1,1,"NOV 29, 2024",0.444,0.2,109.0,-2.0,41.2,21.6,7.8,5.0,14.2,18.4,0.3482,0.5753332438145804,0.5278924309281452,0.6,0.8,109.6,4.0,47.6,25.0,11.6,3.2,15.4,19.8,0.35419999999999996,0.578595882450624,0.546519417811951,1475.5711480674597,1538.6212259861672,0.41024674935229144
0022400043,BKN,ORL,-23,0,"NOV 29, 2024",0.474,0.8,115.4,-1.0,35.8,27.6,6.0,4.2,13.4,20.2,0.43,0.633644645690237,0.6012538534758851,0.65,0.8,110.2,6.0,38.8,25.6,10.8,7.0,12.4,19.4,0.3116,0.5658213541808998,0.5257810546834759,1499.5793626301784,1554.2919758802018,0.4219066891745963
0022400041,ATL,CLE,16,1,"NOV 29, 2024",0.421,0.4,116.4,-3.0,46.8,32.8,8.6,5.6,13.8,17.6,0.3496,0.5447249785496897,0.5117071431480603,0.895,0.6,123.8,15.0,46.8,28.6,7.8,5.0,12.6,17.6,0.382,0.6226355578682657,0.589462403476721,1480.1655657407518,1605.551076537132,0.3270017910843567
0022400040,CHA,NYK,-1,0,"NOV 29, 2024",0.333,0.2,107.0,-6.0,46.0,21.2,8.0,5.6,17.0,20.4,0.39039999999999997,0.5480362676481139,0.5190593458469147,0.556,0.6,127.4,2.0,39.6,31.4,7.6,3.6,9.4,17.6,0.4178,0.6454500916518634,0.6109921221346903,1448.9505829346044,1512.607378025694,0.4094020135144701
0022400304,UTA,DAL,-12,0,"NOV 30, 2024",0.222,0.2,115.0,-10.0,46.2,25.8,6.0,4.0,17.0,21.8,0.3848,0.5837870100591298,0.5533399796700289,0.579,0.8,126.2,3.0,49.0,26.0,8.2,6.6,13.4,19.8,0.4088,0.6083010351898032,0.574532634657791,1424.3506847352637,1528.7711015674017,0.35409384670523375
0022400303,PHX,GSW,8,1,"NOV 30, 2024",0.556,0.2,116.4,2.0,40.6,28.0,7.8,2.8,14.4,21.4,0.3834000000000001,0.6094998071832649,0.5842592662253402,0.667,0.4,109.4,6.0,51.0,29.8,6.8,5.2,13.4,19.8,0.34500000000000003,0.5293781157791511,0.5058646878369347,1507.2594480573414,1542.8249913822428,0.448995100688401
0022400302,MIL,WAS,10,1,"NOV 30, 2024",0.5,1.0,116.6,0.0,44.8,25.4,6.6,6.0,13.4,18.2,0.4378,0.6213305620919485,0.5953689232829953,0.118,0.0,101.8,-13.0,42.6,22.8,7.0,3.8,15.4,20.6,0.2818,0.526097035500086,0.4945691447627413,1511.3994389696857,1399.6405706851315,0.6555071240259687
0022400301,DET,PHI,-15,0,"NOV 30, 2024",0.429,0.4,112.8,-3.0,42.8,26.4,6.8,5.4,17.2,19.2,0.37760000000000005,0.5991173268301438,0.5647111888778493,0.176,0.2,105.4,-11.0,39.6,22.4,11.0,6.0,13.2,19.0,0.3088,0.5355345629272829,0.4956769019975062,1475.9707804320458,1414.7942557829476,0.5871413682501285
0022400300,CHA,ATL,-3,0,"NOV 30, 2024",0.316,0.2,103.6,-7.0,45.0,21.2,8.4,5.2,15.4,20.2,0.34600000000000003,0.5251104277246398,0.49973898410397144,0.45,0.4,118.0,-2.0,50.0,32.6,9.0,5.2,14.6,17.8,0.3478,0.5507541302129193,0.5184541310998676,1440.762542664315,1493.6255299190648,0.4245057181757373
0022400307,CLE,BOS,4,1,"DEC 01, 2024",0.85,0.4,118.4,14.0,45.2,27.6,9.0,4.2,11.2,19.0,0.3532,0.5798481029006548,0.551841959404664,0.842,1.0,119.8,13.0,44.6,27.2,7.2,6.2,10.2,17.2,0.4016,0.6113286479493587,0.5854915528943954,1592.0911123588191,1601.5991778609819,0.48632020867470255
0022400305,BKN,ORL,-8,0,"DEC 01, 2024",0.45,0.6,112.2,-2.0,35.6,25.8,5.4,3.6,14.8,20.6,0.43879999999999997,0.62964455171585,0.598136970359002,0.667,1.0,116.2,7.0,42.0,27.2,11.2,8.2,13.0,20.2,0.3686,0.5898404193138491,0.5548252313903032,1491.1412288466865,1562.7301096636936,0.3984089933170693
0022400306,MEM,IND,15,1,"DEC 01, 2024",0.65,1.0,126.6,6.0,48.6,33.8,7.8,6.4,15.8,19.6,0.39720000000000005,0.630162429148334,0.6042158634866628,0.45,0.6,114.6,-2.0,42.2,28.2,9.6,5.0,13.4,18.0,0.38,0.5820419163384717,0.5513729083153073,1547.8569918806866,1478.0503994463058,0.5991294308135517
0022400308,NYK,NOP,33,1,"DEC 01, 2024",0.579,0.6,120.4,3.0,40.2,28.0,8.2,4.4,11.6,19.0,0.3928,0.6176936647343771,0.58062989177246,0.2,0.0,104.0,-12.0,44.0,25.2,9.8,5.2,12.8,17.0,0.2926,0.5174850257349874,0.49209918259586977,1520.7954182959834,1403.7937223299875,0.662289980993535
0022400309,TOR,MIA,3,1,"DEC 01, 2024",0.25,0.4,109.6,-10.0,49.2,28.4,8.4,3.6,14.6,20.4,0.3362,0.5621508345560501,0.536742430910051,0.529,0.8,110.2,1.0,45.0,26.4,7.6,3.0,11.2,15.4,0.3496,0.5645642816568174,0.5240815022120718,1425.2059686870439,1501.313641138027,0.3921911768120478
0022400314,LAC,DEN,4,1,"DEC 01, 2024",0.571,0.6,107.2,3.0,45.6,24.6,13.0,3.6,14.0,18.6,0.3188,0.560543429839863,0.5311514524439856,0.588,0.6,121.8,3.0,43.0,30.4,8.2,5.2,13.8,19.6,0.4032,0.6117729146515942,0.5853916409971553,1526.826160973213,1522.7008962440707,0.5059364541991641
0022400313,SAC,SAS,-2,0,"DEC 01, 2024",0.45,0.2,104.2,-2.0,42.2,24.2,7.2,5.0,15.8,19.4,0.29819999999999997,0.5516005543491949,0.5186941597503876,0.526,0.8,113.8,1.0,44.4,29.8,7.4,6.4,13.0,15.8,0.3392,0.5805008327619097,0.54228794598785,1477.219242397063,1511.311168831884,0.45109463361525054
0022400312,POR,DAL,-6,0,"DEC 01, 2024",0.4,0.4,103.8,-4.0,44.0,22.6,8.0,7.0,14.4,20.4,0.3186,0.5167133502198047,0.4820720118286041,0.6,0.8,121.0,4.0,49.0,26.8,8.2,6.4,14.2,21.0,0.39540000000000003,0.5923175983368011,0.5631614762653561,1478.5961507719371,1535.8529785015064,0.4183387323773134
0022400311,UTA,LAL,-1,0,"DEC 01, 2024",0.211,0.2,110.2,-11.0,48.4,24.2,6.2,5.4,17.2,19.8,0.3644,0.5539960593422775,0.521059277915643,0.579,0.2,106.4,3.0,40.6,25.8,6.8,4.8,13.4,15.0,0.3372,0.5715058710304579,0.5425621963332792,1417.268807801159,1517.9142920634151,0.3590794154182467
0022400310,HOU,OKC,3,1,"DEC 01, 2024",0.7,0.8,116.6,8.0,47.2,24.6,12.0,7.0,13.8,19.8,0.33920000000000006,0.545096905055819,0.4987065148640101,0.789,0.8,109.8,11.0,46.4,24.4,11.6,5.4,12.8,18.8,0.3332,0.5525414519689865,0.5241139816305078,1562.2693153508183,1585.9044141919965,0.4660387300801589
0022400316,BOS,MIA,19,1,"DEC 02, 2024",0.8,0.8,118.0,12.0,45.4,24.2,8.6,6.6,9.2,17.2,0.36360000000000003,0.5885119554828984,0.5554793129923146,0.5,0.6,112.2,0.0,43.4,26.2,7.8,3.4,11.4,16.2,0.36560000000000004,0.5710509378660089,0.5320621709686026,1591.325582034476,1489.1574646742679,0.6429352680423911
0022400318,MIN,LAL,29,1,"DEC 02, 2024",0.474,0.2,103.6,-1.0,44.6,21.2,7.8,4.8,15.6,18.6,0.33799999999999997,0.5550781683004515,0.5043090975948119,0.6,0.4,103.8,4.0,41.8,26.2,7.4,4.4,12.4,15.6,0.29579999999999995,0.5576965055347859,0.5230611514011998,1487.366213080414,1525.0958803717801,0.4459150815376691
0022400317,CHI,BKN,26,1,"DEC 02, 2024",0.381,0.4,128.4,-5.0,41.2,30.4,6.8,6.0,13.2,19.2,0.4034,0.6451153569422236,0.6204277991803961,0.429,0.6,111.0,-3.0,35.4,24.0,7.2,3.4,14.2,23.4,0.4202,0.6095579939281741,0.5690230463083692,1465.9150313915334,1483.1730489803451,0.47518412280562544
0022400315,ATL,NOP,12,1,"DEC 02, 2024",0.476,0.6,120.0,-1.0,46.8,32.6,8.8,5.6,15.2,17.4,0.355,0.5858626699943563,0.5506153032610397,0.19,0.0,101.0,-13.0,44.4,24.6,10.8,6.4,13.4,18.6,0.2706,0.5028976149302399,0.47734432598162363,1502.1156442825795,1397.0395219498582,0.6467689583834694
0022400060,LAC,POR,22,1,"DEC 03, 2024",0.591,0.6,111.6,4.0,43.2,24.8,12.0,3.8,14.4,17.0,0.36360000000000003,0.5812888086423665,0.5530899867229454,0.381,0.4,112.4,-5.0,42.8,25.0,7.6,5.4,14.6,21.4,0.38360000000000005,0.5718229392182704,0.5421452719018642,1536.7074318892298,1470.229376124391,0.5945189498612089
0022400059,SAC,HOU,9,1,"DEC 03, 2024",0.429,0.2,111.6,-3.0,42.8,26.8,7.8,4.4,14.8,21.4,0.3332,0.5695905937009448,0.5381024861251937,0.714,0.8,114.4,9.0,48.0,23.6,9.4,7.8,13.2,19.8,0.3428,0.5425423666193713,0.4915240766713417,1468.197349724758,1572.948540749215,0.3536584808679593
0022400058,DEN,GSW,4,1,"DEC 03, 2024",0.556,0.4,121.8,2.0,40.2,32.0,6.6,4.6,13.0,17.2,0.42000000000000004,0.6271487890394886,0.6046643682698827,0.632,0.2,106.4,5.0,48.8,28.2,6.4,4.8,12.2,19.8,0.345,0.5242895792870856,0.4967600817241496,1512.819625328054,1531.8048933960108,0.4727051647194872
0022400057,PHX,SAS,11,1,"DEC 03, 2024",0.579,0.4,115.6,3.0,41.4,28.4,6.8,4.2,13.0,18.8,0.39580000000000004,0.6091949969928546,0.578540725644551,0.55,0.8,117.2,2.0,42.8,29.8,7.6,7.2,11.8,16.6,0.3566,0.5973063279809904,0.5559082809863807,1518.2795460435734,1520.3330615041891,0.49704478810739716
0022400056,DAL,MEM,5,1,"DEC 03, 2024",0.619,0.8,123.8,5.0,46.8,28.6,8.6,5.4,14.2,19.6,0.42140000000000005,0.6100904241919484,0.5821080469360648,0.667,1.0,130.4,7.0,48.4,35.2,8.6,6.4,14.0,20.6,0.37839999999999996,0.6327157911827495,0.6079729792361883,1544.2197531490526,1555.8744032644156,0.4832338984637151
0022400053,NYK,ORL,15,1,"DEC 03, 2024",0.6,0.6,116.4,4.0,44.0,28.0,8.2,6.2,12.4,18.8,0.3842,0.59194034296721,0.5553012770100738,0.682,1.0,112.4,8.0,42.8,25.6,11.6,9.4,14.2,21.0,0.3436,0.584658487195257,0.5451875717526435,1527.5496186761127,1570.698289530035,0.4382213616577547
0022400055,OKC,UTA,27,1,"DEC 03, 2024",0.75,0.8,112.2,10.0,46.2,25.6,9.4,5.4,11.6,20.4,0.33940000000000003,0.5621251317738537,0.52930547099221,0.2,0.2,107.4,-12.0,47.4,25.2,6.2,4.8,17.4,17.8,0.3766,0.5670484340027782,0.5431078441775907,1575.2251887935997,1410.087219492794,0.7212379511984576
0022400050,CHA,PHI,-6,0,"DEC 03, 2024",0.3,0.0,99.8,-8.0,45.4,21.2,8.6,5.4,15.2,20.4,0.33,0.5064074517602172,0.4772269731225027,0.222,0.4,109.8,-10.0,41.2,21.2,10.8,7.0,13.2,19.8,0.33099999999999996,0.5530851918709573,0.5122035126417639,1432.2724283008004,1426.5370831479502,0.5082530755099105
0022400051,CLE,WAS,31,1,"DEC 03, 2024",0.857,0.6,118.0,15.0,45.8,26.0,9.2,5.0,13.2,20.0,0.37859999999999994,0.5897806464717334,0.5609145400498253,0.111,0.0,103.4,-14.0,42.6,23.0,7.4,3.8,15.8,22.0,0.2714,0.5348290689648515,0.49257343931875985,1602.364708185325,1392.750713165651,0.7697030362741101
0022400054,TOR,IND,11,1,"DEC 03, 2024",0.286,0.4,111.4,-9.0,50.0,30.0,7.0,4.4,14.0,20.2,0.3444,0.5617110086696318,0.5424242490918693,0.429,0.6,115.4,-3.0,41.2,27.8,9.0,4.4,13.4,19.0,0.38180000000000003,0.5875995228850716,0.5558906128330118,1437.362145150803,1470.0329880625768,0.4531209711871706
0022400052,DET,MIL,-21,0,"DEC 03, 2024",0.409,0.4,107.8,-4.0,40.0,24.8,6.4,5.8,16.6,18.4,0.3618,0.5861654465228249,0.5517019758686363,0.526,1.0,121.2,1.0,43.8,27.4,6.0,5.6,12.6,18.2,0.45039999999999997,0.6386139498905294,0.6090702401784842,1464.2279530670432,1518.2892964891662,0.42282134492784496
0022400323,MIL,ATL,-15,0,"DEC 04, 2024",0.55,1.0,122.4,2.0,42.0,26.6,6.6,6.4,13.6,19.0,0.4904,0.6517611853331708,0.6240702401784842,0.5,0.8,120.4,0.0,48.6,32.2,9.0,5.6,16.6,17.2,0.3488,0.5984273860905331,0.5621807238217874,1526.745723387723,1509.18026511491,0.5252572105324843
0022400324,LAC,MIN,-28,0,"DEC 04, 2024",0.609,0.6,112.0,5.0,41.4,24.4,11.8,4.4,13.6,15.4,0.38639999999999997,0.5827462330443522,0.5551669656626695,0.5,0.4,104.4,0.0,45.2,24.2,7.6,4.2,15.2,17.2,0.3552,0.5684197915369148,0.526562184014565,1544.8170528920057,1498.4479114496605,0.5663371625977722
0022400322,PHI,ORL,-4,0,"DEC 04, 2024",0.263,0.6,109.6,-9.0,39.2,22.2,10.2,6.4,12.8,20.4,0.3444,0.5604544285589189,0.5220997840182708,0.652,0.8,111.4,7.0,41.6,24.6,10.8,8.4,14.6,20.8,0.3282,0.5780100023979455,0.5371415947411493,1436.7021446581484,1559.4627167631902,0.3303358047639298
0022400320,BKN,IND,9,1,"DEC 04, 2024",0.409,0.4,109.8,-4.0,37.4,24.0,7.6,3.4,13.8,22.6,0.3894,0.5843702993667386,0.542426555080299,0.409,0.4,114.6,-4.0,39.0,25.8,9.0,5.0,15.2,20.0,0.373,0.5853495816050175,0.5513501920135212,1472.6767314364577,1459.0954074863203,0.5195351471250406
0022400319,BOS,DET,10,1,"DEC 04, 2024",0.81,0.8,118.0,13.0,47.6,24.8,7.4,7.0,9.6,17.4,0.3848,0.5935293997539761,0.566821018213729,0.391,0.4,109.2,-5.0,41.4,26.0,7.2,5.6,16.8,18.4,0.3496,0.5787481971502203,0.5456330103513949,1598.4668766736281,1455.7715261684864,0.6945377826651075
0022400321,MIA,LAL,41,1,"DEC 04, 2024",0.474,0.4,105.4,-1.0,40.8,25.6,7.8,2.4,11.6,14.0,0.3432,0.5592244674147239,0.5134565205227976,0.571,0.4,99.4,3.0,43.2,24.6,6.8,4.2,13.4,15.6,0.26239999999999997,0.54331106963383,0.5082596554288177,1482.0161700351157,1514.0141820025335,0.4540809140964296
0022400325,CLE,DEN,12,1,"DEC 05, 2024",0.864,0.6,116.0,16.0,44.4,26.4,9.4,4.0,13.2,20.8,0.3624,0.5786963382829475,0.55079009882716,0.579,0.6,121.6,3.0,39.4,31.8,7.6,4.2,13.4,16.4,0.40820000000000006,0.6364311550593736,0.6076320194653819,1606.970647459843,1523.365522033664,0.6180476720299232
0022400326,WAS,DAL,-36,0,"DEC 05, 2024",0.105,0.0,101.6,-15.0,43.4,22.8,7.0,4.6,16.0,20.4,0.25220000000000004,0.5284539834550376,0.4800567057176889,0.636,1.0,124.4,6.0,44.8,27.6,9.0,5.2,16.6,19.4,0.4526,0.6289322487957882,0.601120392615077,1388.1447738911331,1554.5550751797782,0.2772918933012013
0022400327,NYK,CHA,24,1,"DEC 05, 2024",0.619,0.8,119.4,5.0,43.8,29.0,7.4,5.0,14.0,20.0,0.4034,0.6202543201935402,0.5791248064218385,0.286,0.0,96.8,-9.0,45.2,21.2,8.4,5.0,16.2,19.6,0.3256,0.5139082843661648,0.48142177831730787,1538.7851914429575,1422.107366790602,0.6618728700279549
0022400330,NOP,PHX,2,1,"DEC 05, 2024",0.182,0.0,101.8,-14.0,44.0,23.2,11.8,5.6,14.8,17.2,0.271,0.500887470214461,0.4761704129381454,0.6,0.6,116.6,4.0,41.2,28.6,7.8,4.8,12.8,17.8,0.406,0.6230872189874501,0.5912840064601209,1389.9749011175277,1528.3386502814255,0.3107777491146946
0022400329,MEM,SAC,5,1,"DEC 05, 2024",0.636,0.8,125.2,6.0,46.4,33.0,10.6,6.2,15.6,22.8,0.353,0.6096662927381781,0.5797835462464976,0.455,0.4,115.0,-2.0,40.8,29.2,8.0,4.8,13.6,21.0,0.3546,0.576194711026505,0.5489915970143047,1545.53908123369,1481.1241801073988,0.5916527503079899
0022400328,TOR,OKC,-37,0,"DEC 05, 2024",0.318,0.6,114.2,-8.0,47.4,31.2,7.0,4.2,15.4,21.8,0.3616,0.5908581364913303,0.5736373462469955,0.762,0.8,117.0,11.0,43.8,27.2,10.2,4.4,10.6,21.0,0.3538,0.5788176217861281,0.5520915084841299,1448.2997257270595,1580.8004297696307,0.3180526837244819
0022400332,GSW,HOU,6,1,"DEC 05, 2024",0.6,0.0,107.0,4.0,48.0,30.0,7.8,4.4,11.8,21.0,0.3434,0.5223424656925861,0.4985749637568174,0.682,0.6,113.4,8.0,48.4,21.0,7.8,7.0,12.8,20.4,0.3376,0.5395719801982806,0.4882982702197289,1521.2589966904006,1560.021710366574,0.4444462801556535
0022400331,SAS,CHI,-15,0,"DEC 05, 2024",0.524,0.6,110.6,1.0,43.2,28.6,7.8,5.8,12.4,16.0,0.3368,0.5663762868958202,0.5304991900772899,0.409,0.4,126.8,-4.0,43.8,29.8,6.8,5.0,12.6,19.0,0.383,0.6298590658145586,0.6061204179872719,1510.273957266337,1476.4113489354208,0.5485784872859761
0022400337,SAS,SAC,-27,0,"DEC 06, 2024",0.5,0.4,114.6,0.0,41.8,28.0,9.0,4.8,13.0,16.2,0.33859999999999996,0.5655358911825106,0.5268459393032959,0.435,0.4,115.2,-3.0,43.8,28.2,8.2,4.2,13.8,21.2,0.35040000000000004,0.5636723558112438,0.5309995726183393,1499.3023875206175,1472.9572351135587,0.5378412232843719
0022400338,GSW,MIN,-17,0,"DEC 06, 2024",0.619,0.2,108.0,5.0,49.0,28.0,8.0,4.4,11.8,20.0,0.344,0.5301586858425291,0.5022346944789716,0.524,0.6,105.0,1.0,45.4,26.6,10.2,5.0,16.4,16.8,0.3548,0.5766685507036047,0.5407199380252601,1532.3700710872877,1509.7746547016159,0.5324716510507369
0022400334,ATL,LAL,2,1,"DEC 06, 2024",0.522,1.0,120.4,1.0,51.6,31.6,10.2,5.0,16.0,19.2,0.347,0.5948374363849693,0.5552791513115952,0.545,0.4,98.0,2.0,42.0,25.4,7.2,3.8,13.6,15.0,0.26080000000000003,0.5356574789322941,0.5015617944662509,1519.6854093255597,1503.095800284462,0.5238562390264665
0022400339,POR,UTA,-42,0,"DEC 06, 2024",0.364,0.2,112.6,-6.0,38.0,26.8,7.8,3.8,14.4,19.2,0.3708,0.5885817808142375,0.5615897163463086,0.19,0.0,104.4,-13.0,44.2,23.4,6.0,5.2,19.6,16.8,0.33899999999999997,0.5731929786242169,0.5472621955733213,1462.119755121615,1404.511978516763,0.5821527704096229
0022400333,PHI,ORL,8,1,"DEC 06, 2024",0.25,0.4,107.4,-10.0,38.2,21.8,9.4,4.8,13.4,21.0,0.34340000000000004,0.561233060064642,0.5265536546439337,0.667,0.8,113.6,8.0,42.2,24.6,11.0,8.6,15.6,20.2,0.33120000000000005,0.5980806107618137,0.5527950901818788,1430.0954285628698,1566.0694328584689,0.3137319602529558
0022400335,BOS,MIL,6,1,"DEC 06, 2024",0.818,0.8,122.6,14.0,48.2,25.8,8.6,7.0,11.6,15.6,0.389,0.6030226842472606,0.5757107222978571,0.524,0.8,117.4,1.0,41.2,24.6,6.0,6.4,13.8,19.6,0.4626,0.6325434201163074,0.6023608384690824,1604.576121020326,1516.2405791770734,0.624454833377209
0022400336,CHI,IND,-9,0,"DEC 06, 2024",0.435,0.6,128.4,-3.0,46.8,31.2,7.2,4.4,13.8,21.4,0.3844,0.6443568544969931,0.6199463057306854,0.391,0.2,109.8,-5.0,38.6,23.8,8.2,6.6,15.8,20.6,0.34900000000000003,0.5753529870383314,0.534163378826708,1487.3829186811404,1449.4861104288211,0.5543226268192555
0022400346,MIA,PHX,10,1,"DEC 07, 2024",0.5,0.6,111.6,0.0,43.6,28.8,8.8,3.0,13.0,14.4,0.3764,0.5876476582993668,0.5517826388489159,0.571,0.6,117.0,3.0,43.6,29.0,8.0,5.0,13.4,17.6,0.4056,0.6290268566587119,0.593982216178791,1492.9345517531872,1514.5542052637195,0.46892691346503673
0022400340,CHA,CLE,-14,0,"DEC 07, 2024",0.273,0.0,100.2,-10.0,42.8,23.8,7.8,4.8,13.0,20.0,0.3588,0.5212775750154267,0.4961633513510157,0.87,0.6,116.8,17.0,44.0,27.4,9.0,3.8,13.6,20.0,0.376,0.5851365335749047,0.5587304366205357,1415.3448241911613,1614.6096940192444,0.24102634988806435
0022400342,NOP,OKC,-10,0,"DEC 07, 2024",0.217,0.2,105.0,-13.0,44.0,20.8,12.6,5.8,14.4,18.8,0.29419999999999996,0.5044030457494741,0.4760615200161853,0.773,0.8,116.8,12.0,46.0,27.2,12.0,6.0,8.8,20.6,0.3358,0.5626267438213159,0.5369296297791595,1403.7593461352337,1587.1614834441202,0.25812293819564275
0022400343,NYK,DET,-9,0,"DEC 07, 2024",0.636,0.8,115.4,6.0,43.8,25.8,7.8,5.0,14.0,18.0,0.40679999999999994,0.6126143692040052,0.5683124494424334,0.375,0.2,112.8,-6.0,40.6,26.0,8.4,5.2,17.6,18.8,0.3874,0.5955080127398198,0.5665603286471342,1545.5477340423984,1449.6622818217886,0.6345904456992811
0022400344,TOR,DAL,-7,0,"DEC 07, 2024",0.304,0.6,112.6,-9.0,47.6,30.8,6.6,4.6,17.6,19.6,0.3532,0.5917246228889879,0.5685091411187903,0.652,1.0,126.0,7.0,46.2,28.2,9.4,6.0,16.2,20.0,0.4664,0.6403158692322439,0.6144361946710177,1441.93867205257,1560.1009130458021,0.33621743906015894
0022400345,BOS,MEM,-6,0,"DEC 07, 2024",0.826,0.8,119.6,15.0,47.0,24.6,7.6,6.0,10.6,16.8,0.367,0.5908922737660516,0.5599322478986931,0.652,0.8,123.6,7.0,44.2,31.4,11.0,4.6,16.4,23.0,0.3356,0.6112671439456678,0.5783898680855781,1612.0870243527818,1553.7060262275302,0.5832350877895086
0022400341,WAS,DEN,9,1,"DEC 07, 2024",0.1,0.0,101.2,-16.0,43.0,23.0,7.4,4.2,15.2,20.4,0.2544,0.5096534784045327,0.4669126064976403,0.55,0.4,119.0,2.0,39.6,29.4,8.6,4.8,13.0,15.4,0.3582,0.6037550632285307,0.568251938164569,1382.5989360251092,1515.7264754742625,0.31727056334730686
0022400352,ORL,PHX,5,1,"DEC 08, 2024",0.64,0.6,105.8,7.0,42.0,22.8,10.6,8.2,17.2,22.0,0.3108,0.5780634917781083,0.5351882525750411,0.545,0.4,113.8,2.0,42.6,28.6,7.8,5.0,14.4,18.0,0.40259999999999996,0.6255577108422772,0.5810972691475025,1552.344072063528,1503.9327435330201,0.569222090360896
0022400350,ATL,DEN,-30,0,"DEC 08, 2024",0.542,1.0,120.2,2.0,51.0,31.8,11.0,4.8,16.8,19.8,0.3368,0.5920110323003596,0.556815233785822,0.524,0.4,118.0,1.0,42.6,31.6,9.8,5.4,13.8,16.4,0.3316,0.5958885042786599,0.5692702448007245,1529.2082845450304,1502.0718867412086,0.5389731976351476
0022400351,MIA,CLE,9,1,"DEC 08, 2024",0.524,0.6,116.2,1.0,43.0,30.6,9.4,2.8,11.6,16.6,0.382,0.5950027001042709,0.5619610396134906,0.875,0.8,115.2,18.0,44.6,26.8,8.0,4.0,13.4,19.8,0.387,0.592267665039355,0.5669760506556234,1503.5560134838865,1619.4302210170058,0.33916318788388544
0022400348,BKN,MIL,-5,0,"DEC 08, 2024",0.435,0.4,104.0,-3.0,37.6,24.2,8.8,4.0,14.0,22.6,0.3672,0.5599621030972605,0.5207695567164733,0.5,0.6,113.4,0.0,41.2,23.8,6.2,5.0,12.8,18.4,0.4412,0.6115596744937749,0.5823154165231108,1482.2860284939568,1508.7296758446175,0.46201784602025836
0022400356,LAC,HOU,-11,0,"DEC 08, 2024",0.583,0.6,109.2,4.0,41.8,23.4,11.6,4.2,15.2,16.2,0.3876,0.5747144662101421,0.543855051338707,0.652,0.6,112.4,7.0,48.8,21.6,8.0,7.8,12.6,20.6,0.3402,0.5383657532487558,0.49431977559607293,1533.4903096400503,1548.910635969687,0.47782292664440135
0022400355,GSW,MIN,8,1,"DEC 08, 2024",0.591,0.2,102.0,4.0,48.6,25.8,8.2,4.2,13.8,18.0,0.31779999999999997,0.5113130696994348,0.47649380803784913,0.545,0.8,104.2,2.0,44.6,28.8,11.4,5.4,16.4,16.0,0.374,0.5863723300703054,0.5526401606597685,1521.7206380662728,1520.4240877226307,0.501865877272022
0022400357,SAC,UTA,44,1,"DEC 08, 2024",0.458,0.4,120.2,-2.0,43.2,29.2,8.0,4.8,12.8,21.0,0.3798,0.588578606453769,0.55147238585711,0.227,0.2,109.6,-12.0,48.2,25.4,6.0,6.6,17.8,16.2,0.3524,0.5821390156415168,0.5544050527161787,1483.7140595792462,1416.1550339249554,0.5960181126813106
0022400358,LAL,POR,9,1,"DEC 08, 2024",0.522,0.2,100.6,1.0,40.8,25.8,7.8,5.2,13.6,16.8,0.2758,0.5340794846992256,0.4996426025470589,0.348,0.2,112.8,-7.0,36.0,27.0,6.6,3.8,14.2,19.4,0.3956,0.5994617135557266,0.5797114913721084,1493.5729250649913,1450.4766997134227,0.5617043140454401
0022400353,WAS,MEM,-28,0,"DEC 08, 2024",0.143,0.2,104.0,-15.0,43.6,23.8,7.8,6.0,16.2,21.0,0.2784,0.5252582074460369,0.4841878044179996,0.667,0.8,122.8,8.0,46.2,30.2,11.0,5.2,15.8,23.8,0.3526,0.6022941676348476,0.5663903256467769,1396.2535247581632,1565.3707279833204,0.2741800691353176
0022400349,IND,CHA,-4,0,"DEC 08, 2024",0.417,0.2,112.0,-4.0,38.4,25.0,8.0,5.4,15.8,18.4,0.38780000000000003,0.5933394963563736,0.5550699468193074,0.261,0.0,101.8,-11.0,41.6,23.6,7.0,4.8,12.4,21.6,0.34859999999999997,0.5367816335461916,0.5021434177961984,1460.5725629652063,1410.5242971934,0.57153115716303
0022400347,CHI,PHI,-8,0,"DEC 08, 2024",0.417,0.4,127.6,-4.0,44.4,32.0,7.6,4.8,14.2,19.6,0.3984,0.6421226855248662,0.6215475340702336,0.286,0.6,108.0,-9.0,39.0,22.0,10.0,3.8,13.8,21.4,0.351,0.5707916214863847,0.5420820620622439,1476.2964661447552,1443.8207893578106,0.5466006165266395
0022400354,SAS,NOP,5,1,"DEC 08, 2024",0.478,0.2,111.6,-1.0,42.4,27.6,8.2,4.8,13.8,16.8,0.3318,0.5514227819465968,0.5118158081441326,0.208,0.2,108.2,-14.0,41.6,21.0,13.2,6.2,15.0,19.6,0.2908,0.531378611157114,0.49694079046670936,1488.54556305493,1398.596887371321,0.6266299601528267
0022400359,TOR,NYK,-5,0,"DEC 09, 2024",0.292,0.4,112.4,-10.0,45.0,30.6,7.0,4.4,17.2,20.8,0.3494,0.5899811890064353,0.5560586600774773,0.609,0.8,114.8,5.0,43.4,27.2,8.2,5.4,15.4,16.6,0.4234,0.6198340988723379,0.5874028233017211,1435.2143232713668,1532.8559251284128,0.36306858106260914
0022401201,MIL,ORL,5,1,"DEC 10, 2024",0.522,0.6,115.8,1.0,39.2,24.4,6.4,5.0,14.0,18.2,0.44279999999999997,0.6298483728811576,0.5995996029249442,0.654,0.6,104.2,8.0,42.8,20.4,10.2,6.8,16.4,21.6,0.2746,0.5589851381076096,0.5165683182924562,1517.9700327650228,1560.9596302563102,0.43844680450607587
0022401203,OKC,DAL,14,1,"DEC 10, 2024",0.783,0.8,119.6,13.0,45.4,27.4,12.6,4.8,9.6,21.2,0.35140000000000005,0.5800241034048322,0.5522237474262183,0.667,1.0,125.2,8.0,48.0,27.0,10.2,6.8,17.2,18.2,0.43900000000000006,0.6319263849368278,0.5963098330152443,1592.323942208033,1566.8252618270053,0.5366298086232006
